Title,Price,link,Date
"Xiaomi Redmi A5 Smartphone 6.88"" 4GB/128GB Dual SIM 4G 5200mAh 15W Negro","74,,71 €",https://www.amazon.fr/Xiaomi-Redmi-A5-Smartphone-5200mAh/dp/B0F3J3V6KX/ref=sr_1_6,2025-07-23
Samsung Galaxy A06 4GB+64GB [International Version] (Black),"83.,94 €",https://www.amazon.fr/Samsung-Galaxy-64GB-Version-Internationale/dp/B0DDKLRFVV/ref=sr_1_7,2025-07-23
"Xiaomi poco c75-6 + 128gb Smartphone 6,88 Pouces 120Hz HD + écran medialek Helio g81 Triple caméra 50mp + 2mp，5000mah，Noir","94,,99 €",https://www.amazon.fr/Xiaomi-Smartphone-Pouces-medialek-2mp%EF%BC%8C5000mah%EF%BC%8CNoir/dp/B0DL4BKSR6/ref=sr_1_8,2025-07-23
"Xiaomi Redmi Note 14 Smartphone, 8+256Go, Noir, Système de caméra AI 108MP, Batterie de 5500mAh, Affichage de Soins oculaires 120 Hz, fonctionnalités AI (Pas de Chargeur Inclus)","168,,98 €",https://www.amazon.fr/Xiaomi-Note-14-Smartphone-fonctionnalit%C3%A9s/dp/B0DRCX34LQ/ref=sr_1_9,2025-07-23
Samsung Galaxy A16 Smartphone 4GB/128GB 6.7?,"127,,00 €",https://www.amazon.fr/Samsung-Galaxy-Smartphone-128GB-Negro/dp/B0DKTJ22QN/ref=sr_1_10_mod_primary_new,2025-07-23
"Samsung Galaxy A56 5G, smartphone Android, 256 Go de stockage, 8 Go de RAM, anthracite, mise à niveau du système d'exploitation 6x, grand écran, longue durée de vie de la batterie (garantie Samsung","338,,35 €",https://www.amazon.fr/5G-smartphone-stockage-anthracite-dexploitation/dp/B0F1FRL5HX/ref=sr_1_11_mod_primary_new,2025-07-23
Xiaomi Redmi Note 14 4G 6/128GB Medianoche Libre,"128.,90 €",https://www.amazon.fr/Xiaomi-Redmi-Note-14-Medianoche/dp/B0DRD6HP66/ref=sr_1_12,2025-07-23
Xiaomi Redmi 14C NFC 4GB RAM 128GB ROM [Global Version] Black,"97.,79 €",https://www.amazon.fr/Xiaomi-Redmi-14C-Version-Globale/dp/B0DH243L65/ref=sr_1_13,2025-07-23
SAMSUNG Galaxy A05s 4GB+64GB [Version Internationale] (Noir),"103,,90 €",https://www.amazon.fr/SAMSUNG-Galaxy-A05s-Version-Internationale/dp/B0CQJY9JYT/ref=sr_1_14,2025-07-23
Smartphone Xiaomi Xiaomi Redmi Note 14 5G 8 256 Coral Green,"209.,00 €",https://www.amazon.fr/Smartphone-Xiaomi-Redmi-14-Coral/dp/B0DPHS3QKZ/ref=sr_1_15_mod_primary_new,2025-07-23
"Xiaomi Smartphone Redmi Note 14,6+128GB,Noir,système de caméra IA 108MP,Batterie 5500mAh,écran de Soins oculIAres 120Hz,fonctionnalités IA (Chargeur Non Inclus)(Version Française+2 Ans de Garantie)","156,,02 €",https://www.amazon.fr/Xiaomi-Smartphone-Note-14-fonctionnalit%C3%A9s/dp/B0DKP54YV7/ref=sr_1_16,2025-07-23
"OUKITEL C1 Smartphone for Android 15, 16(4+12)GB +128GB (TF 1TB) Cheap Mobile Phone, 6.52 inch HD+ Screen, 5150mAh Telephone, 13MP+5MP Gaming Phone, Triple 4G SIM/GPS/Fingerprint/OTG/3.5mm","85.,49 €",https://www.amazon.fr/OUKITEL-C1-Smartphone-Telephone-Fingerprint/dp/B0DXKLM3CJ/ref=sr_1_20,2025-07-23
Xiaomi Redmi A5 Smartphone 6.88 Inches 3GB/64GB Dual SIM 4G 5200mAh 15W,"72.,90 €",https://www.amazon.fr/Xiaomi-Redmi-A5-Smartphone-5200mAh/dp/B0F3J3QQTK/ref=sr_1_21_mod_primary_new,2025-07-23
Motorola Moto G55 5G 8 Go/256 Go Gris (Forest Grey) Double SIM,"138,,90 €",https://www.amazon.fr/Motorola-Moto-Gris-Forest-Double/dp/B0DQ2NX9HX/ref=sr_1_22,2025-07-23
"Smartphone Pas Cher 4G, Android 11, Écran 6.3"" HD+, 32Go ROM ,4Go RAM, 4850mAh Batterie, 8MP+5MP CaméraTéléphone Portable, Face ID/Dual SIM/WiFi/GPS Téléphone Portable Pas Cher sans Forfait-Violet","69,,99 €",https://www.amazon.fr/Smartphone-Batterie-Cam%C3%A9raT%C3%A9l%C3%A9phone-T%C3%A9l%C3%A9phone-Forfait-Violet/dp/B0FCF76G81/ref=sr_1_23,2025-07-23
Samsung Galaxy A16 4GB+128GB [Version Internationale] (Noir),"129,,90 €",https://www.amazon.fr/Samsung-Galaxy-128GB-Version-Internationale/dp/B0DM1S54MZ/ref=sr_1_24,2025-07-23
"Xiaomi Redmi 14C Smartphone, 6GB RAM, 128GB Storage, Quadruple Camera, 6.88-inch Screen (Blue, 6+128G)","99.,00 €",https://www.amazon.fr/Xiaomi-14C-Smartphone-Stockage-Quadruple/dp/B0DM3M4MWD/ref=sr_1_25,2025-07-23
Xiaomi Redmi A5 Smartphone 6.88 Inches 3GB/64GB Dual SIM 4G 5200mAh 15W Dorado,"79.,72 €",https://www.amazon.fr/Xiaomi-A5-Smartphone-5200mAh-Dorado/dp/B0F3J4BKLH/ref=sr_1_26_mod_primary_new,2025-07-23
"Blackview Wave 8C Android 14 Unlocked Mobile Phones, 6.56"" Screen 4G, 6GB+64GB/TF-2To, Octa Core, 13MP+8MP, 5000mAh Battery, Dual SIM/Face ID/GPS/2 Years Warranty","75.,99 €",https://www.amazon.fr/Blackview-WAVE-8C-Smartphone-t%C3%A9l%C3%A9phones/dp/B0DJQGFZJC/ref=sr_1_27,2025-07-23
"OSCAL Telephone Portable,Flat 2C Android 14 Telephone,6Go+64Go/TF 2To, Octa Core, 6.56"" HD+,Batterie 5000mAh Smartphone Pas Cher,13MP+8MP,4G Smartphone, Face ID/Dual SIM/GPS/2Ans De Garantie -Noir","69,,99 €",https://www.amazon.fr/OSCAL-Telephone-Portable-Batterie-Smartphone/dp/B0F18TT49G/ref=sr_1_28,2025-07-23
Samsung Galaxy A16 A165 Dual Sim 4GB RAM 128GB – Grey,"129.,34 €",https://www.amazon.fr/Samsung-Galaxy-A165-Dual-128GB/dp/B0DKTGJ4PN/ref=sr_1_29_mod_primary_new,2025-07-23
Samsung Galaxy A56 5G 128 Go 8 Go RAM - Graphite,"292,,00 €",https://www.amazon.fr/Samsung-Galaxy-A56-128-RAM/dp/B0DZHPP7DL/ref=sr_1_30_mod_primary_new,2025-07-23
Xiaomi Redmi 14C 8GB RAM 256GB Midnight Black,"128.,81 €",https://www.amazon.fr/Xiaomi-Redmi-128GB-Azul-Libre/dp/B0DHZJW5Z4/ref=sr_1_31_mod_primary_new,2025-07-23
Honor 200 Smart Smartphone 6.8 Inch 5G Dual Nano SIM 256GB Green,"115.,40 €",https://www.amazon.fr/Smartphone-Honor-200-Smart-Double/dp/B0DBR9MM91/ref=sr_1_36,2025-07-23
"HONOR X6b 4G Smartphone 4Go 128Go, 6.56"" 90Hz TFTLCD, 5200mAh Batterie, 50MP Appareil Photo Principal, Android 14, Dual Sim, NFC, Vert","119,,00 €",https://www.amazon.fr/HONOR-Smartphone-Batterie-Appareil-Principal/dp/B0D76S5NF5/ref=sr_1_37,2025-07-23
"Energizer - U506S Smartphone - Unlocked 2GB RAM/32GB ROM - 5"" Screen - 3000 mAh Battery - 5MP+QVGA Rear Camera/2MP Front - Android 13GB - Black","45.,61 €",https://www.amazon.fr/Energizer-Smartphone-D%C3%A9bloqu%C3%A9-Batterie-arri%C3%A8re/dp/B0CKJ1HF5K/ref=sr_1_38,2025-07-23
Smartphone Xiaomi Xiaomi Redmi Note 14 5G 8 256 Midnight Black,"196,,99 €",https://www.amazon.fr/Smartphone-Xiaomi-Redmi-14-Midnight/dp/B0DPHSL9FP/ref=sr_1_39,2025-07-23
Poco C75 8/256GB Black,"120.,00 €",https://www.amazon.fr/Xiaomi-Poco-C75-Smartphone-Medialek/dp/B0DL4831YZ/ref=sr_1_40,2025-07-23
"OUKITEL C61 Smartphone Pas Cher Android 15-16(4+12) Go+128Go/TF 1To Telephone Portable Pas Cher, 6.88"" HD+ Écran, Batterie 5150mAh, 13MP+5MP, Téléphone Gaming Dual SIM/Fingerprint/Face ID/GPS/OTG","90,,24 €",https://www.amazon.fr/OUKITEL-C61-Smartphone-Telephone-Fingerprint/dp/B0F66NF2XF/ref=sr_1_41,2025-07-23
"Xiaomi Redmi Note 14 - Smartphone of 8+256GB, Pantalla 6.67"" AMOLED FHD+ 120Hz, MediaTek Helio G99-Ultra, 108MP cámara, TurboCharge 33W, 5500 mAh, Cargador no Incluido, Azul (ES Version)","152.,00 €",https://www.amazon.fr/Xiaomi-Redmi-Note-14-TurboCharge/dp/B0DRCWH9KH/ref=sr_1_42,2025-07-23
"Xiaomi Redmi Note 11S Smartphone (6GB + 128GB, Grey)","124.,60 €",https://www.amazon.fr/Xiaomi-Redmi-Note-11s-Smartphone/dp/B09QH6KD26/ref=sr_1_43,2025-07-23
"Xiaomi Redmi Note 14 Smartphone, 8+256GB, Green, 108MP AI Camera System, 5500mAh Battery, 120Hz Eye Care Display, AI Features (No Charger Included)","154.,00 €",https://www.amazon.fr/Xiaomi-Note-14-Smartphone-fonctionnalit%C3%A9s/dp/B0DRCZ7YL2/ref=sr_1_44_mod_primary_new,2025-07-23
Xiaomi Redmi Note 14 Pro 4G 8/256GB Medianoche Libre,"204.,88 €",https://www.amazon.fr/Xiaomi-Note-14-Pro-Morado/dp/B0DPHMWDZN/ref=sr_1_45_mod_primary_new,2025-07-23
Xiaomi Redmi A5 Smartphone 6.88 Inches 3GB/64GB Dual SIM 4G 5200mAh 15W Azul,"72.,97 €",https://www.amazon.fr/Xiaomi-Redmi-A5-Smartphone-5200mAh/dp/B0F3J17WT6/ref=sr_1_46,2025-07-23
Xiaomi Poco M4 (5G) - 4 + 64 GB - Power Black -X,"84.,89 €",https://www.amazon.fr/Xiaomi-Poco-M4-5G-Power/dp/B0B786BT7Z/ref=sr_1_47,2025-07-23
Xiaomi Redmi A3 4/128GB Free,"80.,09 €",https://www.amazon.fr/Xiaomi-Telephone-Portable-arri%C3%A8re-Compatible/dp/B0CWS285P6/ref=sr_1_48,2025-07-23
"POCO C75 8GB 256GB Vert, Smartphone Android, 2.0GHz, écran de 6.88"", Double caméra AI de 50MP, Batterie de 5160mAH(Version Française + 2 Ans de Garantie)","119,,00 €",https://www.amazon.fr/Smartphone-Android-Batterie-Fran%C3%A7aise-Garantie/dp/B0DG6LN2BH/ref=sr_1_49,2025-07-23
"Xiaomi Redmi Note 11S Smartphone, 6GB RAM 128GB ROM, 6.43"" AMOLED DotDisplay, MediaTek Helio G96 Processor, Quadruple AI 108MP Camera (Grey)","124.,90 €",https://www.amazon.fr/Xiaomi-Redmi-Note-11s-Smartphone/dp/B088K8QMPB/ref=sr_1_50,2025-07-23
Xiaomi Redmi 13 128GB Ocean Blue,"106.,64 €",https://www.amazon.fr/Xiaomi-Redmi-13-Dual-SIM-ocean-blue/dp/B0D4SX2HWQ/ref=sr_1_51,2025-07-23
"Xiaomi Redmi Note 14 Pro Plus 5G Smart Phone, 8GB RAM 256GB, Pantalla AMOLED 6,67'', Huellas Sensor, 200 MP Cámara, NFC, Cargador no Incluido, Color Lavender Purple","283.,99 €",https://www.amazon.fr/Xiaomi-Note-14-Pro-5G/dp/B0DRC5MF1N/ref=sr_1_52,2025-07-23
Samsung Galaxy A16 5G Smartphone 128 GB Mitternachtsblau,"166,,90 €",https://www.amazon.fr/Samsung-Galaxy-A16-Smartphone-Mitternachtsblau/dp/B0DP5PBR93/ref=sr_1_53_mod_primary_new,2025-07-23
"realme C61 4G Smartphone, 6+128GB, 5000mAh Battery, 90Hz Eye Comfort Display, Powerful Octa-Core Chipset, 50MP AI Camera, AI Boost Motor, Sparkle Gold (No Adapter)","92.,99 €",https://www.amazon.fr/realme-C61-Smartphone-daugmentation-Adaptateur/dp/B0F1D7V7W7/ref=sr_1_54,2025-07-23
"Smartphone Xiaomi Redmi Note 14 5G, 8+256GB, purple, 108MP AI camera system, 5110mAh battery, 120Hz oculIAres care screen, AI features (charger not included, French version+2 years warranty)","206.,99 €",https://www.amazon.fr/Smartphone-Xiaomi-Note-14-fonctionnalit%C3%A9s/dp/B0DTP5X7DP/ref=sr_1_55,2025-07-23
Motorola Moto G84 5G 8 Go/256 Go Gris (Midnight Blue) Double SIM XT2347-2,"144,,90 €",https://www.amazon.fr/Motorola-Moto-Midnight-Double-XT2347-2/dp/B0DPTB5PZ9/ref=sr_1_56,2025-07-23
"McMgc Téléphone Pas Cher, Écran IPS de 5,0 Pouces, 16 Go, Extensible jusqu'à 128 Go, Android 9.0, Double SIM et Double Appareil Photo, Support Bluetooth, WiFi, GPS 3G Smartphone (S21U-Blue)","53,,99 €",https://www.amazon.fr/McMgc-T%C3%A9l%C3%A9phones-Portables-Bluetooth-S21U-Blue/dp/B0BN125QT5/ref=sr_1_57,2025-07-23
"realme Note 60 Android Smartphone, 4G Dual SIM Mobile Phone, 6.74"" 90Hz LCD Screen, 3GB RAM 64GB ROM, 5000mAh Battery, 32MP Clear Camera, Marble Black, without Adapter","69.,99 €",https://www.amazon.fr/realme-Smartphone-T%C3%A9l%C3%A9phone-Batterie-Adaptateur/dp/B0DSPZWD8P/ref=sr_1_58,2025-07-23
Xiaomi Redmi 13 8gb/256gb 6.7´´´ One Size,"125.,99 €",https://www.amazon.fr/Xiaomi-Redmi-13-Smartphone-REDMI13BLEU/dp/B0D5292XN3/ref=sr_1_59_mod_primary_new,2025-07-23
"Smartphone Xiaomi Redmi 13 6,79 Double SIM 256 Go Noir","122,,00 €",https://www.amazon.fr/Smartphone-Xiaomi-Redmi-13-Double/dp/B0D4SMFD94/ref=sr_1_60,2025-07-23
"Xgody Android Phone, 5.5 Inch Smartphone Cheap 2GB + 16GB 128GB Expandable Octa-Core Android 14 Mobile Phone, 2500mAh Battery, 8MP + 5MP Camera, Dual SIM, Face ID 4G-Blue","59.,84 €",https://www.amazon.fr/Xgody-t%C3%A9l%C3%A9phone-Smartphone-Extensible-Octa-Core/dp/B0F8H273LR/ref=sr_1_53,2025-07-23
"OUKITEL C61 Smartphone Cheap Android 15-16(4+12) GB+128GB/TF 1TB Cheap Mobile Phone, 6.88"" HD+ Screen, 5150mAh Battery, 13MP+5MP, Dual SIM/Fingerprint/Face ID/GPS/OTG Gaming Phone","90.,24 €",https://www.amazon.fr/OUKITEL-C61-Smartphone-Telephone-Fingerprint/dp/B0F66NF2XF/ref=sr_1_54,2025-07-23
"OUKITEL C53 Téléphone Portable Débloqué 2024 - Smartphone Android 14, 8Go +64Go ROM/TF 1To, Écran 6.6""HD+/60HZ Smartphones, Batterie 4300mAh, Octa Core, Smartphone Débloqué 4G Dual SIM/13MP/GPS, Noir","69,,34 €",https://www.amazon.fr/OUKITEL-C53-T%C3%A9l%C3%A9phone-Portable-D%C3%A9bloqu%C3%A9/dp/B0D6VVK732/ref=sr_1_55,2025-07-23
Xiaomi Redmi A3 4/128GB Free,"80.,09 €",https://www.amazon.fr/Xiaomi-Telephone-Portable-arri%C3%A8re-Compatible/dp/B0CWS285P6/ref=sr_1_56,2025-07-23
"OPPO Smartphone A18 Dual-SIM, Appareil Photo, écran 6.56"", LCD 90 HZ, 5000 mAh, 4 Go de RAM (+ 4 RAM Extension Possible) + 128 Go ROM (Extension jusqu'à 1 to), Note IP","95,,00 €",https://www.amazon.fr/OPPO-Smartphone-Dual-SIM-Appareil-Extension/dp/B0CRLC6KCM/ref=sr_1_57,2025-07-23
"Smartphone Xiaomi Redmi Note 14 5G,8+256GB,violet,système de caméra IA 108MP,batterie 5110mAh,écran de soins oculIAres 120Hz,fonctionnalités IA (chargeur non inclus,Version Française+2Ans de Garantie)","206,,99 €",https://www.amazon.fr/Smartphone-Xiaomi-Note-14-fonctionnalit%C3%A9s/dp/B0DTP5X7DP/ref=sr_1_58,2025-07-23
Xiaomi Redmi Note 14 Pro 4G 8/256GB Medianoche Libre,"204.,88 €",https://www.amazon.fr/Xiaomi-Note-14-Pro-Morado/dp/B0DPHMWDZN/ref=sr_1_59_mod_primary_new,2025-07-23
"Xiaomi POCO M7 Pro 5G Smartphone, 8+256Go, Appareil Photo Principal 50MP avec OIS, Batterie 5110 mAh (Types), IP64, fonctionnalités A，sans Chargeur (Green, 8+256G)","178,,00 €",https://www.amazon.fr/Xiaomi-M7-Pro-5G-fonctionnalit%C3%A9s/dp/B0F29TQ3J9/ref=sr_1_60,2025-07-23
"POCO C75 8GB 256GB Vert, Smartphone Android, 2.0GHz, écran de 6.88"", Double caméra AI de 50MP, Batterie de 5160mAH(Version Française + 2 Ans de Garantie)","119,,00 €",https://www.amazon.fr/Smartphone-Android-Batterie-Fran%C3%A7aise-Garantie/dp/B0DG6LN2BH/ref=sr_1_61,2025-07-23
"OPPO Reno12 FS 5G 12+512Go, IA Smartphone Android Débloqué, Téléphone Portable, Écran 120Hz 6,67"" OLED, Dimensity 6300, Caméra AI 50+8+2MP, SUPERVOOC 45W, Batterie 5000mAh, Résistance IP64, NFC, Vert","233,,75 €",https://www.amazon.fr/OPPO-Smartphone-T%C3%A9l%C3%A9phone-Dimensity-R%C3%A9sistance/dp/B0DK4NKK7Y/ref=sr_1_62,2025-07-23
Xiaomi 14T Pro 512GB Titan Black,"469.,93 €",https://www.amazon.fr/Xiaomi-14T-Noir-Titane-D%C3%A9bloqu%C3%A9/dp/B0DJ345581/ref=sr_1_63,2025-07-23
"OUKITEL C61 Pro Android 15 Mobile Phone – Smartphone Cheap 24GB + 256GB, 90HZ Mobile Phone 6.88 Inches INCEL, 5150mAh, Dual Sim 4G, Fingerprint/OTG/GPS/2 Years, Purple","123.,48 €",https://www.amazon.fr/OUKITEL-C61-Telephone-Portable-Android/dp/B0F7K4267G/ref=sr_1_64,2025-07-23
"realme 14x 5G Smartphone 6+128GB, Eye Comfort Screen 120Hz, 50MP Net Camera, 5000mAh Long Life Battery, Military Grade Shock Resistance, Octa-Core, Black (without Adapter)","125.,00 €",https://www.amazon.fr/realme-Smartphone-r%C3%A9sistance-Militaire-Adaptateur/dp/B0DTF1LP5D/ref=sr_1_68,2025-07-23
"CMF Phone 2 Pro 128GB – 5G Smartphone with 50MP Camera and 20x Zoom, 6.77 inch AMOLED FHD+ Screen at 120Hz, 5000mAh Battery and Nothing OS 3.2 – Black","259.,00 €",https://www.amazon.fr/CMF-Phone-Pro-128GB-Smartphone/dp/B0F2T7Y88B/ref=sr_1_69,2025-07-23
"MTGud-23 5.0 inch Android 9.0 Smartphone with Dual SIM 16GB ROM (Expandable to 128GB), Dual Camera, Bluetooth, GPS, Wi-Fi (Blue)","55.,99 €",https://www.amazon.fr/MTGud-Smartphones-T%C3%A9l%C3%A9phone-Portable-Bluetooth/dp/B0C23QFYBJ/ref=sr_1_70,2025-07-23
"Xiaomi Redmi 14C 120Hz Mobile Phone with 6.88"" Screen, 4+128GB NFC Smartphone without Helio G81 Ultra Processor and Dual Camera 50MP AI 5160mAh Battery Up to 22 Hours Video Playback Time","104.,99 €",https://www.amazon.fr/Xiaomi-Redmi-14C-Smartphone-processeur/dp/B0DNF58678/ref=sr_1_71,2025-07-23
"Xiaomi Redmi 14C Téléphone Portable Android 8 + 256 Go avec NFC, processeur G81-Ultra 2,0 GHz, écran de 6,88 Pouces, Double caméra AI 50 MP, Batterie 5160 mAh, avec NFC, sans Chargeur, Vert","125,,99 €",https://www.amazon.fr/Xiaomi-14C-T%C3%A9l%C3%A9phone-processeur-G81-Ultra/dp/B0DTYR289N/ref=sr_1_72,2025-07-23
"Motorola Moto G05 6.67"" 4/128GB 5200mAh 50MP Android 15 Verde Libre","101,,62 €",https://www.amazon.fr/Motorola-128GB-5200mAh-Android-Verde/dp/B0DPKQTZVK/ref=sr_1_73,2025-07-23
"Xiaomi Redmi 14C Practical Android Smartphone 4+128GB with NFC, G81-Ultzra Processor, 2.0GHz, 6.88-inch Screen, Dual 50MP AI Camera, 5160mAh Battery, No Charger, Black","104.,99 €",https://www.amazon.fr/Xiaomi-Smartphone-Pratique-Processeur-G81-Ultzra/dp/B0DMSH21YJ/ref=sr_1_74,2025-07-23
XIAOMI REDMI Note 14 Pro 4G (6.67'' - 8/256GB) Purple,"209,,15 €",https://www.amazon.fr/Xiaomi-Note-14-Pro-Aurora/dp/B0DPHN1435/ref=sr_1_75_mod_primary_new,2025-07-23
Xiaomi Redmi Note 14 4G 6/128GB Azul Oceano Free,"138.,99 €",https://www.amazon.fr/Xiaomi-Redmi-Note-14-Oc%C3%A9ano/dp/B0DRD4R43M/ref=sr_1_76,2025-07-23
Xiaomi Redmi 13C 5G 4/128GB Free,"122.,39 €",https://www.amazon.fr/Xiaomi-Redmi-13C-128GB-Black/dp/B0D5K131DK/ref=sr_1_77,2025-07-23
Smartphone XIAOMI REDMINOTE14PRO5G256NOIR,"247,,99 €",https://www.amazon.fr/XIAOMI-Note-14-Pro-REDMINOTE14PRO5G256NOIR/dp/B0DPHMDQKR/ref=sr_1_78_mod_primary_new,2025-07-23
"DOOGEE Note 58 Pro Smartphone Android 15, 32 Go RAM+256 Go ROM/TF 2TB, Batterie 6250mAh, Telephone Portable,Ultra-Mince 8,6 mm,6.75"" HD+ 90Hz Display, Caméra AI 16MP, NFC/Widevine L1/Dual SIM/Face ID","139,,99 €",https://www.amazon.fr/DOOGEE-Pro-Smartphone-Telephone-Ultra-Mince/dp/B0DSMRN5RT/ref=sr_1_79,2025-07-23
"QrZrQ Cheap Smartphones, 5.0 Inch, Dual Card Dual Camera, Quad Core, 16GB ROM 【Expandable to 128GB】, Support GPS/WiFi/Bluetooth/FM, Phone Unlocked by Visag (S24Ultra-Black)","54.,99 €",https://www.amazon.fr/QrZrQ-Smartphones-%E3%80%90Extensible-d%C3%A9verrouill%C3%A9-S24Ultra-Black/dp/B0D9XML7VR/ref=sr_1_84,2025-07-23
"Xiaomi Redmi Note 11S Smartphone, 6GB RAM 128GB ROM, 6.43 Zoll AMOLED DotDisplay, MediaTek Helio G96 Prozessor, 108 MP AI Quad-Kamera (Blau)","124.,00 €",https://www.amazon.fr/Xiaomi-Redmi-Note-11s-Smartphone/dp/B09QH71RZR/ref=sr_1_85,2025-07-23
"Motorola Moto G24 8GB/128GB Smartphone 6.6"" HD+ 90Hz Android 14 Rosa Lavanda","105,,00 €",https://www.amazon.fr/Motorola-Moto-128GB-Rosa-Libre/dp/B0CSSQ2RW2/ref=sr_1_86,2025-07-23
"HONOR X6b Smartphone 4Go 128Go, 5200mAh Batterie, Appareil Photo 50MP, 6.56"" 90Hz TFTLCD, Android 14, Double Sim, NFC,Noir","119,,00 €",https://www.amazon.fr/HONOR-Smartphone-5200mAh-Batterie-Appareil/dp/B0DDBGQ3NV/ref=sr_1_87,2025-07-23
Smartphone ZTE Blade L9 5' Bleu 32 GB 1 GB RAM,"44,,79 €",https://www.amazon.fr/Smartphone-ZTE-Blade-Bleu-RAM/dp/B07VTMHTDF/ref=sr_1_88,2025-07-23
"HONOR 400 Lite 5G Smartphone, 8GB RAM 256GB Memoria Dual SIM NFC, 5230 mAh, 108MP with AI Button Android Phone 15, 6.7 Inch AMOLED Eye-Care Display, IP64&SGS, Velvet Black","252.,00 €",https://www.amazon.fr/HONOR-Smartphone-Memoria-T%C3%A9l%C3%A9phone-Eye-Care/dp/B0F1CKMZGJ/ref=sr_1_89,2025-07-23
Smartphone MOTOROLA E15LAVANDE,"71.,79 €",https://www.amazon.fr/Motorola-moto-e15-Smartphone-E15LAVANDE/dp/B0DTTTFVHP/ref=sr_1_90,2025-07-23
"OUKITEL C58 Pro Android 14 Smartphone Pas Cher - 24Go + 256Go/TF 1To, Écran 6.7 Pouces HD+ 90Hz, Octa Core 5150mAh, 48MP+8M Telephone Portable, Dual SIM 4G, Fingerprint/Face ID/GPS/95 DB/WiFi 5G/Verde","89,,99 €",https://www.amazon.fr/OUKITEL-C58-Pro-Android-Smartphone/dp/B0DHRZTPTQ/ref=sr_1_91,2025-07-23
Samsung A266 Galaxy A26 (6.7'' - 6/128GB) Black,"198,,94 €",https://www.amazon.fr/Samsung-A266-Galaxy-A26-6-7/dp/B0F13WT2RF/ref=sr_1_92,2025-07-23
"Xiaomi Redmi Note 14 Pro 5G Smartphone, 12+512GB, Black, 200MP AI Camera, IP68, Turbo Charge 45W with 5110mAh Battery, AI Features (Charger Not Included, French Version + 2 Years Warranty)","319.,00 €",https://www.amazon.fr/Xiaomi-Smartphone-Note-Pro-fonctionnalit%C3%A9s/dp/B0DRCLH2DN/ref=sr_1_93,2025-07-23
"HONOR 200 Lite 5G Smartphone, Triple Camera 108MP+5MP+2MP, MediaTek Dimensity 6080 (6nm), 8GB + 256GB Mobile Phones, AMOLED 6.7 inches, 4500mAh/Dual SIM/NFC/GPS,MagicOS 8.0/Android 14, Black","189.,90 €",https://www.amazon.fr/HONOR-Smartphone-Dimensity-T%C3%A9l%C3%A9phones-Portables/dp/B0D2CQ72SS/ref=sr_1_94,2025-07-23
"Blackview Telephone Portable 4G, A55 (2022) Smartphone Pas Cher Android 11 (Écran 6.52"" HD+ 5G WiFi, 4780mAh, 3Go RAM/SD-128Go, 8MP Triple caméra arrière, Double SIM) 3 Slots/Face ID/2Ans de Garantie","88,,66 €",https://www.amazon.fr/Telephone-Portable-Blackview-A55-Smartphone/dp/B09HBQKRQF/ref=sr_1_95,2025-07-23
Xiaomi Redmi 13 6gb/128gb 6.8´´´ One Size,"80.,09 €",https://www.amazon.fr/Xiaomi-Redmi-13-Midnight-Double/dp/B0D4SSH1FX/ref=sr_1_96,2025-07-23
"Xiaomi Redmi Note 14 Pro, Double SIM, 8 Go RAM, 256 Go, Bleu Océan","206,,00 €",https://www.amazon.fr/Xiaomi-Note-14-Pro-Double/dp/B0DPHMH6V1/ref=sr_1_97_mod_primary_new,2025-07-23
"Xiaomi Redmi 14C Handy 8 + 256 Go Android Smartphone G81-Ultra Processor, 2,0 GHz, 6,88"" Écran 50 MP AI Dual Camera, 5160 mAh Batterie 18 W Fast Charging Schwarz","118,,45 €",https://www.amazon.fr/Xiaomi-14C-Smartphone-G81-Ultra-Processor/dp/B0DNZ6KPFJ/ref=sr_1_98,2025-07-23
Xiaomi Smartphone Redmi Note 14 Pro 5G 8+256GB Coral Green,"269.,99 €",https://www.amazon.fr/Xiaomi-Smartphone-Redmi-Note-Pro/dp/B0F62YHY9S/ref=sr_1_99,2025-07-23
Samsung Galaxy S24 FE Smartphone 256 GB Graphit,"478.,00 €",https://www.amazon.fr/Samsung-Smartphone-Almacenamiento-Bater%C3%ADa-4-700mAh/dp/B0DJB5K2Z2/ref=sr_1_100_mod_primary_new,2025-07-23
"McMgc Offre du Jour Smartphone， 5.0 Pouces IPS Écran 16GB ROM 128GB Extensible, Android 9.0 Dual SIM Dual Camera Téléphone 3G Pas Cher (Spark 10Pro-Blue)","53,,99 €",https://www.amazon.fr/McMgc-Smartphone%EF%BC%8C-Extensible-Spark-10Pro-Blue/dp/B0CXHJ1MG9/ref=sr_1_101,2025-07-23
"Xiaomi Redmi 14C NFC Mobile Phone 120Hz 6.88 inches, Smartphone 8+256GB with Helio G81 Ultra Processor and 50MP AI 5160mAh Battery with Dual Camera Up to 22 Hours Video Playback (Blue) (Without","129.,00 €",https://www.amazon.fr/Xiaomi-14C-T%C3%A9l%C3%A9phone-Smartphone-processeur/dp/B0DNYZ58R1/ref=sr_1_102_mod_primary_new,2025-07-23
"Blackview WAVE 8 Android 15 Téléphones Portables Débloqués, Écran 6.56"" Smartphones Pas Cher 4G, 12Go+128Go/TF 2To,5000mAh/Double SIM/Octa Core/13MP+8MP/Fingerprint/Etui de protection/2Ans de Garantie","89,,99 €",https://www.amazon.fr/Blackview-T%C3%A9l%C3%A9phones-Smartphones-Fingerprint-protection/dp/B0DLNM2N1D/ref=sr_1_103,2025-07-23
Xiaomi Redmi A5 Smartphone 6.88 Inches 3GB/64GB Dual SIM 4G 5200mAh 15W Verde,"81.,26 €",https://www.amazon.fr/Xiaomi-Redmi-A5-Smartphone-5200mAh/dp/B0F3J4SK5X/ref=sr_1_104_mod_primary_new,2025-07-23
"McMgc Smartphone, 5.0 Inch IPS Screen, 16GB ROM 128GB Expandable, Android 9.0, Dual SIM Dual Camera Phone 3G Cheap (Camon30premier-Navy Blue)","56.,99 €",https://www.amazon.fr/McMgc-Smartphone-Extensible-T%C3%A9l%C3%A9phone-Camon30premier-Navy/dp/B0DJSBR587/ref=sr_1_105,2025-07-23
Xiaomi Redmi 13c 8GB/256GB 6.7´´´ Dual Sim One Size,"129.,99 €",https://www.amazon.fr/Xiaomi-Redmi-Version-Globale-Midnight/dp/B0CP18P9W7/ref=sr_1_106,2025-07-23
Xiaomi Redmi Note 13 Pro Plus 5G 8/256GB Free,"234.,50 €",https://www.amazon.fr/Xiaomi-Redmi-Note-13-Midnight/dp/B0CPPZRQJK/ref=sr_1_107,2025-07-23
"Xiaomi Redmi Note 14 Smartphone 8GB 256GB, Charger Not Included, Black","160.,99 €",https://www.amazon.fr/-/en/Xiaomi-Redmi-Smartphone-Charger-Included/dp/B0DRHWNFMR/ref=sr_1_101,2025-07-23
"McMgc Mc15mini Unlock Phone 4G, Mini Smartphone 3.0 Inch, Dual Card, 1800mAh Battery, 5MP + 5MP Camera, Base Face Unlock Phone (Black)","57.,99 €",https://www.amazon.fr/-/en/Mc15mini-Unlock-Smartphone-1800mAh-Battery/dp/B0F2HVWFJF/ref=sr_1_102,2025-07-23
OnePlus 12 5G 16GB/512GB Green (Flowy Emerald) Dual SIM,"819.,18 €",https://www.amazon.fr/-/en/OnePlus-12-512GB-Green-Emerald/dp/B0CTPZ5Y7B/ref=sr_1_103,2025-07-23
"Xgody Android Phone, 5.5 Inch Smartphone Cheap 2GB + 16GB 128GB Expandable Octa-Core Android 14 Mobile Phone, 2500mAh Battery, 8MP + 5MP Camera, Dual SIM, Face ID 4G-Blue","59.,84 €",https://www.amazon.fr/-/en/Android-Smartphone-Expandable-Octa-Core-2500mAh/dp/B0F8H273LR/ref=sr_1_104,2025-07-23
"Xiaomi Redmi 14C 8+256GB Android Mobile Phone with NFC, G81-Ultra 2.0GHz Processor, 6.88 Inch Screen, 50MP AI Dual Camera, 5160mAh Battery, with NFC, No Charger, Green","125.,99 €",https://www.amazon.fr/-/en/14C-Android-G81-Ultra-Processor-5160mAh/dp/B0DTYR289N/ref=sr_1_105,2025-07-23
"realme 14x 5G Smartphone 6+128GB, Eye Comfort Screen 120Hz, 50MP Net Camera, 5000mAh Long Life Battery, Military Grade Shock Resistance, Octa-Core, Black (without Adapter)","125.,00 €",https://www.amazon.fr/-/en/Smartphone-Comfort-Military-Resistance-Octa-Core/dp/B0DTF1LP5D/ref=sr_1_106,2025-07-23
Samsung Galaxy A56 5G 128GB 8GB RAM - Graphite,"292.,00 €",https://www.amazon.fr/-/en/Samsung-Galaxy-A56-128GB-8GB/dp/B0DZHPP7DL/ref=sr_1_107_mod_primary_new,2025-07-23
Xiaomi Redmi Note 13 Pro Plus 5G 8/256GB Free,"234.,50 €",https://www.amazon.fr/-/en/Xiaomi-Redmi-Note-Pro-Plus/dp/B0CPPZRQJK/ref=sr_1_108,2025-07-23
"HONOR 200 Smart 5G Smartphone 4GB 256GB, 5200mAh Battery, 50MP AI Carmera, 300% High-Volume Mode, Snapdragon 4 Gen 2, Android 14, Dual SIM, Green","149.,00 €",https://www.amazon.fr/-/en/Smartphone-5200mAh-Battery-Carmera-Snapdragon/dp/B0DN5XJL1B/ref=sr_1_109,2025-07-23
Motorola Moto G84 5G 8/256GB Azul Claro Libre,"177.,90 €",https://www.amazon.fr/-/en/Motorola-Moto-256GB-Claro-Libre/dp/B0DQ2NMBXH/ref=sr_1_110,2025-07-23
Xiaomi Redmi 13 6gb/128gb 6.8´´´ One Size,"80.,09 €",https://www.amazon.fr/-/en/Xiaomi-Redmi-13-128gb-6-8%C2%B4%C2%B4%C2%B4/dp/B0D4SSH1FX/ref=sr_1_111,2025-07-23
"HONOR 400 Lite 5G Smartphone, 8GB RAM 256GB Memoria Dual SIM NFC, 5230 mAh, 108MP with AI Button Android Phone 15, 6.7 Inch AMOLED Eye-Care Display, IP64&SGS, Velvet Black","252.,00 €",https://www.amazon.fr/-/en/Smartphone-Memoria-Android-Eye-Care-Display/dp/B0F1CKMZGJ/ref=sr_1_112,2025-07-23
"Xiaomi Redmi Note 13 16.9 cm (6.67"") Dual SIM Android 12 4G USB Type-C 8 GB 256 GB 5000 mAh Blue","310.,98 €",https://www.amazon.fr/-/en/Xiaomi-Redmi-Note-Android-Type-C/dp/B0CPT9XDS7/ref=sr_1_116,2025-07-23
Xiaomi 12 Lite 8/128GB Free,"160.,00 €",https://www.amazon.fr/-/en/Xiaomi-12-Lite-128GB-Free/dp/B0B9Q19H2N/ref=sr_1_117,2025-07-23
Motorola Moto G55 5G 8GB/256GB Green (Smooky Green) Dual SIM,"145.,85 €",https://www.amazon.fr/-/en/Motorola-Moto-G55-5G-Smooky/dp/B0DQ2M9GW1/ref=sr_1_118,2025-07-23
"QrZrQ Cheap Smartphones, 5.0 Inch, Dual Card Dual Camera, Quad Core, 16GB ROM 【Expandable to 128GB】, Support GPS/WiFi/Bluetooth/FM, Phone Unlocked by Visag (S24Ultra-Black)","54.,99 €",https://www.amazon.fr/-/en/Smartphones-%E3%80%90Expandable-Bluetooth-Unlocked-S24Ultra-Black/dp/B0D9XML7VR/ref=sr_1_119,2025-07-23
Smartphone XIAOMI REDMINOTE14PRO5GPURPLE256,"245.,00 €",https://www.amazon.fr/-/en/Note-14-Pro-5G-REDMINOTE14PRO5GPURPLE256/dp/B0DPHKW26P/ref=sr_1_120_mod_primary_new,2025-07-23
"OUKITEL C53 Unlocked Smartphone 2024 – Android 14 Mobile Phone, 6.6 Inch HD+/60Hz Display, Cheap Smartphone, 8GB+64GB/TF 1TB, Octa Core, 4300mAh Battery, Unlocked Phone 4G Dual SIM/13MP/GPS-Green","70.,99 €",https://www.amazon.fr/-/en/OUKITEL-C53-Unlocked-Smartphone-2024/dp/B0D6VWPVJV/ref=sr_1_121,2025-07-23
Xiaomi Redmi Note 14 Smartphone 6GB + 128GB 108MP AI All-Star Durability MediaTek Helio G99-Ultra 120Hz Eye-Care 5500mAh Battery with NFC (Green,"153.,69 €",https://www.amazon.fr/-/en/Xiaomi-Redmi-Note-14-Smartphone/dp/B0DXTSXL8T/ref=sr_1_122,2025-07-23
"OUKITEL C60 Android 15 Mobile Phone – 10,000 mAh 120 Lumens, 16GB + 128GB/TF 1TB, HP 110 DB, Screen 6.88 Inch HD+ 90Hz, Octa Core, 13MP Smartphone Dual SIM 4G, Fingerprint/Face ID/GPS","109.,24 €",https://www.amazon.fr/-/en/OUKITEL-C60-Android-Mobile-Phone/dp/B0FBRD2D1Q/ref=sr_1_123,2025-07-23
"Moto E15 64GB, Unlocked Smartphone, 6.67"" Display, 5200mAh Battery, Blue Denim, Protective Case and USB C Cable Included","99.,99 €",https://www.amazon.fr/-/en/Unlocked-Smartphone-Display-Protective-Included/dp/B0DTTZLBBT/ref=sr_1_124,2025-07-23
"realme 12 x 5G Smartphone 4+128GB, 6.72 inch Smartphone, 50MP AI Camera, 5G Dual Standby, 120Hz Display, 5000mAh Battery, Dimensity 6100+ Processor, Black (Without Adapter)","164.,99 €",https://www.amazon.fr/-/en/Smartphone-Standby-Display-Dimensity-Processor/dp/B0F2MKSHBK/ref=sr_1_125,2025-07-23
Samsung Galaxy A36 5G 6GB/128GB Smartphone 6.7 Inch Super AMOLED 50MP 5000mAh 45W Android 15 Lima,"236.,00 €",https://www.amazon.fr/-/en/Samsung-Galaxy-Smartphone-5000mAh-Android/dp/B0DF8W9WXM/ref=sr_1_126,2025-07-23
"Motorola G85 5G (8/256GB, 6.67' pOLED FHD+ HiD 120Hz, SGS Low Blue Light, SGS Log Motion Blur, Snapdragon 6s Gen 3, 50+8MP Dual Camera, 5000mAh Battery, Dual SIM, Android 14), Urban","183.,22 €",https://www.amazon.fr/-/en/Motorola-Snapdragon-5000mAh-Battery-Android/dp/B0DBVB3K5C/ref=sr_1_127,2025-07-23
"realme C71 Smartphone 5G, 6+128GB, 6000 mAh Battery, 45W Charging, 50MP AI Camera, 24GB Dynamic RAM, 120Hz Display, Shock and Water Resistance, Green (without Adapter)","129.,99 €",https://www.amazon.fr/-/en/Smartphone-Battery-Charging-Dynamic-Resistance/dp/B0F9L27VX6/ref=sr_1_132,2025-07-23
"Ulefone Note 19 Mobile Phone, 6GB+32GB/TF-512GB, Android 14 Smartphone, 8MP+5MP Camera, 6.56"" HD+ Screen, 5000mAh Battery, 3 Card Slots Octa Core 4G Dual SIM/Face ID/GPS/OTG Green","79.,99 €",https://www.amazon.fr/-/en/Ulefone-Note-19-TF-512GB-Smartphone/dp/B0DK3KZY9C/ref=sr_1_133,2025-07-23
"HONOR 200 Lite 5G Smartphone with Triple Camera 108MP 8+256GB, 6.7 Inch Screen 90Hz, 4500mAh, Dual SIM, Android 14, NFC,Green (Cyan, 8+256G)","189.,00 €",https://www.amazon.fr/-/en/200-Smartphone-Triple-4500mAh-Android/dp/B0D22C2213/ref=sr_1_134,2025-07-23
"HONOR 200 Smart, 5G Smartphone, 4GB+256GB, 6.8"" Screen, 5200mAh Battery, 50MP Camera, Dual SIM, Android 14, Black","164.,99 €",https://www.amazon.fr/-/en/Smartphone-Screen-5200mAh-Battery-Android/dp/B0DJFLN7ZP/ref=sr_1_135,2025-07-23
"MTGud MTGud80-Purple 5.0 inch Display, Android Mobile Phones, Dual SIM Dual Camera, 16GB ROM UP to 128GB, Support Bluetooth, GPS, Wi-Fi Basic Cell Phones","53.,99 €",https://www.amazon.fr/-/en/MTGud80-Purple-Display-Android-Support-Bluetooth/dp/B0BPX5XG61/ref=sr_1_136,2025-07-23
"realme Smartphone 14X 5G 6+128GB, 5G Dimensity 6300 Processor, Eye Comfort Mode 120Hz for Screen, 50MP I.A. Camera, Carbon Black, No Adapter","161.,90 €",https://www.amazon.fr/-/en/Smartphone-Dimensity-Processor-Comfort-Adapter/dp/B0DRYQM5S7/ref=sr_1_137,2025-07-23
"Xiaomi Redmi Note 14 Pro Smartphone 8+256GB, 5500mAh Battery, 6.67"" AMOLED Display, MediaTek Helio G100-Ultra 120Hz, Eye-Care 200MP Display, Black","212.,00 €",https://www.amazon.fr/-/en/Smartphone-5500mAh-MediaTek-G100-Ultra-Eye-Care/dp/B0DTHN5BWC/ref=sr_1_138,2025-07-23
"CMF Phone 2 Pro 128GB – 5G Smartphone with 50MP Camera and 20x Zoom, 6.77 inch AMOLED FHD+ Screen at 120Hz, 5000mAh Battery and Nothing OS 3.2 – Black","259.,00 €",https://www.amazon.fr/-/en/CMF-Phone-Pro-128GB-Smartphone/dp/B0F2T7Y88B/ref=sr_1_139,2025-07-23
OPPO Reno 12F 4G 8/256 Amber Orange,"175.,00 €",https://www.amazon.fr/-/en/OPPO-Reno-4G-Amber-Orange/dp/B0DFMG5W1B/ref=sr_1_140_mod_primary_new,2025-07-23
"HONOR X6b 4G Smartphone 4GB 128GB, 50MP, 5200mAh Battery, 6.56 Inch 90Hz TFTLCD, Android 14, Dual Sim, NFC, Green","119.,00 €",https://www.amazon.fr/-/en/X6b-Smartphone-5200mAh-Battery-Android/dp/B0DH3N1GZ3/ref=sr_1_141,2025-07-23
"Xiaomi Redmi Note 14 Pro, 5G Smartphone, 6.67-Inch, 8GB RAM, 256GB, Dual SIM, Green","245.,00 €",https://www.amazon.fr/-/en/Xiaomi-14-5G-Smartphone-6-67-Inch/dp/B0DSL4W1D8/ref=sr_1_142_mod_primary_new,2025-07-23
"Motorola Moto G35 5G Smartphone (6.72 inch FHD+ Screen with Corning Gorilla Glass 3, 50MP Camera, 8/128GB, Heavy Duty 5000mAh Battery, Water Repellent) Midnight Black Included","124.,99 €",https://www.amazon.fr/-/en/Motorola-Smartphone-Repellent-Midnight-Included/dp/B0DCVVBHSF/ref=sr_1_143,2025-07-23
SAMSUNG Galaxy A16 Smartphone 128GB Grey,"129.,00 €",https://www.amazon.fr/-/en/SAMSUNG-Galaxy-Smartphone-128GB-Grey/dp/B0DPHBX2Q9/ref=sr_1_144,2025-07-23
"OUKITEL P1 Mobile Phone – 6.7 Inch 120Hz AMOLED Gaming Telephone 4G, 24GB (8+16) RAM +256GB/2TB, Smartphone Cheap Android 14.5150mAh, Helio G99/50MP/Face ID/Fingerprint/2 Years Warranty, Purple","170.,99 €",https://www.amazon.fr/-/en/OUKITEL-P1-Mobile-Phone-Fingerprint/dp/B0DQKWXHZ4/ref=sr_1_145,2025-07-23
"Motorola G34 5G 128GB, Unlocked Smartphone, 6.5"" Display, Dual 50MP Sensor, 5000mAh Battery, 20W Charger and Proctection Case Included, Ice Blue","177.,62 €",https://www.amazon.fr/-/en/Motorola-Unlocked-Smartphone-Proctection-Included/dp/B0CTHVBPHB/ref=sr_1_146,2025-07-23
"Xiaomi Redmi Note 14 Smartphone 8GB+256GB 108MP AI All-Star Durability MediaTek Helio G99-Ultra 120Hz Eye-Care 5500mAh Battery with NFC, No Charger (Black)","189.,00 €",https://www.amazon.fr/-/en/Xiaomi-Redmi-Note-14-Smartphone/dp/B0F2ST7XSM/ref=sr_1_147,2025-07-23
"DOOGEE Note 58 Android Smartphone 15, 32GB RAM+128GB ROM/TF 2TB, 6250mAh Battery, Unisoc T7250, Ultra-Thin 8.6mm, 6.75 inch HD, Mobile Phone Camera AI 16MP, NFC/Widevine L1/Dual Nano SIM/Face ID","109.,99 €",https://www.amazon.fr/-/en/Android-Smartphone-6250mAh-Ultra-Thin-Widevine/dp/B0DQXQHMQC/ref=sr_1_148,2025-07-23
"POCO M7 Pro 5G Smartphone, 12+256GB, Silver, Sony 50MP Camera with OIS, 5110mAh Battery, 45W Turbo Charging, 120Hz AMOLED Display (Charger Not Included)","226.,90 €",https://www.amazon.fr/-/en/Smartphone-5110mAh-Battery-Charging-Included/dp/B0DSG219VZ/ref=sr_1_149,2025-07-23
"OUKITEL C65 Android Smartphone 15, 6.7 Inch HD+ 90Hz Screen, 16GB+128GB/1TB Mobile Phone Cheap, 50MP Phone, 5150mAh, 4G Dual SIM/Fingerprint/OTG/3.5mm Plug/3 Card Slots","94.,99 €",https://www.amazon.fr/-/en/OUKITEL-C65-Android-Smartphone-Fingerprint/dp/B0F4MK7VLQ/ref=sr_1_150,2025-07-23
"Ulefone Armor X12 Unbreakable Mobile Phone Android 13, 6GB + 32GB ROM/256GB Expandable, Waterproof Phone 4860mAh, 13MP + 8MP Camera, Shockproof Smartphone 5.45 Inch HD+, 4G Dual","99.,99 €",https://www.amazon.fr/-/en/Unbreakable-Expandable-Waterproof-Shockproof-Smartphone/dp/B0CQJPB5XB/ref=sr_1_151,2025-07-23
Xiaomi Poco X7 Pro 5G NFC CrystalRes AMOLED Display 1.5K 120Hz Ship Insignia Dimensity 8400-Ultra Black 12GB + 512GB,"313.,00 €",https://www.amazon.fr/-/en/CrystalRes-Display-Insignia-Dimensity-8400-Ultra/dp/B0DQLNX5GM/ref=sr_1_152,2025-07-23
"Smartphone mini avec écran HD de 3,0 pouces, téléphone mini déverrouillé, caméra 5MP, reconnaissance faciale, double SIM, GPRS, carte TF et un corps ultra - mince, idéal pour les enfants (Noir)","49.,64 €",https://www.amazon.fr/-/en/Smartphone-t%C3%A9l%C3%A9phone-d%C3%A9verrouill%C3%A9-reconnaissance-faciale/dp/B0DXPPC8HT/ref=sr_1_153,2025-07-23
"Samsung *A165 Galaxy A16 (6.7'' - 8/256GB - NO EU, 2 Year Warranty by Hem) Blue Black","199.,00 €",https://www.amazon.fr/-/en/Samsung-A165-Galaxy-A16-6-7/dp/B0DM1TQX6P/ref=sr_1_154,2025-07-23
Oppo Reno12 F 4G 16GB (8GB+8GB)/256GB Free Grey + Cargador 45W,"204.,49 €",https://www.amazon.fr/-/en/Oppo-Reno12-16GB-256GB-Cargador/dp/B0DDL1DMZ2/ref=sr_1_155,2025-07-23
"OnePlus Nord 4 5G Unlocked Smartphone with Dual Camera 50 MP & OIS, 12 GB RAM + 256 GB Storage – Oasis Green","403.,94 €",https://www.amazon.fr/-/en/OnePlus-Nord-Unlocked-Smartphone-Storage/dp/B0D8LH33XB/ref=sr_1_149,2025-07-23
"2021 Samsung Galaxy A32 5G Dual SIM, 64GB, 4GB RAM, Awesome Black (Refurbished)","121.,89 €",https://www.amazon.fr/-/en/Samsung-Galaxy-Awesome-Black-Refurbished/dp/B09ZV9ZZKW/ref=sr_1_150,2025-07-23
Logicom - Unlocked 4G Cell Phone with Face Recognition - Le Wave Smartphone - (4'' Inch Screen - 8GB - Dual Nano SIM - Android 11GB Edition) Black,"58.,19 €",https://www.amazon.fr/-/en/Logicom-Unlocked-Recognition-Smartphone-Android/dp/B096BKF5F6/ref=sr_1_151,2025-07-23
"OUKITEL C59 Android 15 2025 Mobile Phone 10000mAh/18W Unlocked Smartphone 120 Lumens, 6.88 Inches HD+ 90Hz Unlocked Phone, 16GB/128GB/TF 1TB, 13MP+5MP, Dual SIM/Face ID/Fingerprint/GPS","105.,99 €",https://www.amazon.fr/-/en/OUKITEL-C59-10000mAh-Smartphone-Fingerprint/dp/B0F1SPGX66/ref=sr_1_152,2025-07-23
"Xiaomi Redmi Note 14 Smartphone 8GB+256GB 108MP AI All-Star Durability MediaTek Helio G99-Ultra 120Hz Eye-Care 5500mAh Battery with NFC, No Charger (Black)","189.,00 €",https://www.amazon.fr/-/en/Xiaomi-Redmi-Note-14-Smartphone/dp/B0F2ST7XSM/ref=sr_1_153,2025-07-23
"Smartphone mini avec écran HD de 3,0 pouces, téléphone mini déverrouillé, caméra 5MP, reconnaissance faciale, double SIM, GPRS, carte TF et un corps ultra - mince, idéal pour les enfants (Noir)","49.,64 €",https://www.amazon.fr/-/en/Smartphone-t%C3%A9l%C3%A9phone-d%C3%A9verrouill%C3%A9-reconnaissance-faciale/dp/B0DXPPC8HT/ref=sr_1_154,2025-07-23
OUKITEL G1 Android 14 Unbreakable Mobile Phone – 24GB + 256GB (1 TB) Smartphone Battery 10600 mAh Screen 6.52 Inch HD+ IPS 48MP Dual Camera Phone Waterproof Shockproof Dual,"135.,37 €",https://www.amazon.fr/-/en/OUKITEL-G1-Android-Unbreakable-Mobile/dp/B0D8TCDJ97/ref=sr_1_155,2025-07-23
Xiaomi Redmi Note 14 Smartphone 6GB + 128GB 108MP AI All-Star Durability MediaTek Helio G99-Ultra 120Hz Eye-Care 5500mAh Battery with NFC (Green,"153.,69 €",https://www.amazon.fr/-/en/Xiaomi-Redmi-Note-14-Smartphone/dp/B0DXTSXL8T/ref=sr_1_156,2025-07-23
"Xiaomi POCO X7 Pro Smartphone 12+256GB, Pantalla CrystalRes 1.5K 120Hz AMOLED, MediaTek Dimensity 8400-Ultra, 50 MP Cámara, 90W HyperCharge, Cargador no Incluido, Amarillo (ES Version)","299.,00 €",https://www.amazon.fr/-/en/X7-Pro-Smartphone-CrystalRes-HyperCharge/dp/B0DSMW94R3/ref=sr_1_157,2025-07-23
"Motorola MOBILITY MOTO G14 Smartphone with 6.5 inch FHD+ Display, 50MP Camera, 4/128GB, 5000mAh, Android 13, Steel Grey with Protective Case","162.,79 €",https://www.amazon.fr/-/en/Motorola-MOBILITY-Smartphone-Display-Protective/dp/B0CC2W7JVH/ref=sr_1_158,2025-07-23
"Xiaomi Redmi Note 13 16.9 cm (6.67"") Dual SIM Android 12 4G USB Type-C 8 GB 256 GB 5000 mAh Blue","310.,98 €",https://www.amazon.fr/-/en/Xiaomi-Redmi-Note-Android-Type-C/dp/B0CPT9XDS7/ref=sr_1_159,2025-07-23
Xiaomi Redmi Note 13 Pro Plus 5G 8/256GB Morado Free,"246.,89 €",https://www.amazon.fr/-/en/Xiaomi-Redmi-Note-256GB-Morado/dp/B0CQZ4BK6C/ref=sr_1_160_mod_primary_new,2025-07-23
"OUKITEL C60 Android 15 Mobile Phone – 10,000 mAh 120 Lumens, 16GB + 128GB/TF 1TB, HP 110 DB, Screen 6.88 Inch HD+ 90Hz, Octa Core, 13MP Smartphone Dual SIM 4G, Fingerprint/Face ID/GPS","109.,24 €",https://www.amazon.fr/-/en/OUKITEL-C60-Android-Mobile-Phone/dp/B0FBRD2D1Q/ref=sr_1_164,2025-07-23
"HONOR X6b 4G Smartphone 4GB 128GB, 50MP, 5200mAh Battery, 6.56 Inch 90Hz TFTLCD, Android 14, Dual Sim, NFC, Green","119.,00 €",https://www.amazon.fr/-/en/X6b-Smartphone-5200mAh-Battery-Android/dp/B0DH3N1GZ3/ref=sr_1_165,2025-07-23
Samsung A266 Galaxy A26 (6.7'' - 8/256GB) Black,"226.,00 €",https://www.amazon.fr/-/en/Samsung-A266-Galaxy-A26-6-7/dp/B0F2YYRB36/ref=sr_1_166_mod_primary_new,2025-07-23
"HONOR 200 Smartphone 5G 12GB 512GB, 120Hz 6.7 Inch AMOLED, Triple Camera 50 MP, Snapdragon 7 Gen 3, 5200mAh Battery, Android 14, Dual Sim, NFC, (No Charger) Black","319.,90 €",https://www.amazon.fr/-/en/Smartphone-Snapdragon-5200mAh-Battery-Android/dp/B0D4DWZNB1/ref=sr_1_167,2025-07-23
Samsung A55 SM-A556B 8+128GB DS 5G Awesome Navy OEM,"281.,59 €",https://www.amazon.fr/-/en/Samsung-SM-A556B-128GB-Awesome-Navy/dp/B0CYLWTZD1/ref=sr_1_168,2025-07-23
"Nothing Phone (3a) 256GB Smartphone with 32MP Front Camera, Ultra Zoom x30, 50W Fast Charge and 6.77"" FHD+ Flexible AMOLED Screen - Black","369.,99 €",https://www.amazon.fr/-/en/Nothing-Smartphone-Camera-Charge-Flexible/dp/B0DPXR886J/ref=sr_1_169,2025-07-23
"Motorola Smartphone Edge 50 Neo 6.36"" 12 GB RAM 512 GB Grey","255.,80 €",https://www.amazon.fr/-/en/Motorola-Smartphone-Edge-6-36-Grey/dp/B0DH8G7Q2N/ref=sr_1_170,2025-07-23
"Xiaomi Redmi 14C NFC Mobile Phone 120Hz 6.88"", Smartphone 8+256GB with Helio G81 Ultra Processor and 50MP AI 5160mAh Battery with Dual Camera Up to 22 Hours Video Playback (Green)","124.,99 €",https://www.amazon.fr/-/en/Redmi-14C-Smartphone-Processor-Playback/dp/B0DNZ1Y4LG/ref=sr_1_171_mod_primary_new,2025-07-23
"DOOGEE Note 59 Smartphone 5G Android 15, 32GB RAM+128GB ROM/TF 2TB, 6.75'' HD 120Hz Mobile Phone, Unisoc T8200, Battery 6250mAh, Ultra-Thin 8.6mm, Camera 16MP 4K, NFC/Widevine L1/Face ID-Black","159.,99 €",https://www.amazon.fr/-/en/Smartphone-Android-Ultra-Thin-Widevine-ID-Black/dp/B0DQCN6NJ8/ref=sr_1_172,2025-07-23
"Xiaomi Redmi Note 14 Pro 5G Smartphone, 12+512GB, Green, 200MP AI Camera, IP68, Turbo Charge 45W with 5110mAh Battery, AI Features (Charger Not Included, French Version + 2 Years Warranty)","309.,00 €",https://www.amazon.fr/-/en/Note-14-Pro-5G-Smartphone/dp/B0DRCPD3ZW/ref=sr_1_173_mod_primary_new,2025-07-23
Motorola Moto G55 5G 8GB/256GB Green (Smooky Green) Dual SIM,"145.,85 €",https://www.amazon.fr/-/en/Motorola-Moto-G55-5G-Smooky/dp/B0DQ2M9GW1/ref=sr_1_174,2025-07-23
"OUKITEL WP28E Unbreakable Mobile Phone 2025 Android 14, 10600mAh/18W, 16GB RAM +64GB ROM/1TB, Unbreakable Smartphone 6.52 Inch Screen, 13MP Camera, Dual SIM/GPS/NFC/OTG Construction Phone – Black","139.,99 €",https://www.amazon.fr/-/en/OUKITEL-WP28E-Unbreakable-Smartphone-Construction/dp/B0D95Z6BJ2/ref=sr_1_175,2025-07-23
"DOOGEE Note 59 Pro 5G Android Smartphone 15, 32GB RAM+256GB ROM/TF 2TB, Battery 6250mAh, 120Hz+6.75"" HD+, UNISOC T8200 Portable Telephone, 16MP 4K Camera, NFC/Dual SIM/Face ID/Widevine L1/Wifi, Gold","179.,99 €",https://www.amazon.fr/-/en/Android-Smartphone-Portable-Telephone-Widevine/dp/B0DQXQW3PJ/ref=sr_1_180,2025-07-23
"SPC ZEUS 4G Pro + Case – Smartphone for Seniors 4G, Easy Mode with Large Icons, SOS Button, Remote Setup, Physical Buttons, 64GB ROM, 13MP Camera, Android 11, Charging Stand","143.,84 €",https://www.amazon.fr/-/en/SPC-ZEUS-Pro-Case-Smartphone/dp/B0D3F19CDH/ref=sr_1_181,2025-07-23
"OSCAL Modern 8 Mobile Phone 2.0Ghz, 6000mAh/18W Smartphone, Gemini AI, Screen 6.75 Inch HD+ 90Hz, 16GB/128GB/TF 1TB, 50MP AI Cameras Smartphone Cheap, 4G Dual SIM/Fingerprint/GPS/OTG/2 Year Warranty","89.,99 €",https://www.amazon.fr/-/en/OSCAL-Modern-Smartphone-Fingerprint-Warranty/dp/B0D8TCWWMK/ref=sr_1_182,2025-07-23
OPPO Reno 12F 4G 8/256 Amber Orange,"175.,00 €",https://www.amazon.fr/-/en/OPPO-Reno-4G-Amber-Orange/dp/B0DFMG5W1B/ref=sr_1_183_mod_primary_new,2025-07-23
Xiaomi 12 Lite 8/128GB Free,"160.,00 €",https://www.amazon.fr/-/en/Xiaomi-12-Lite-128GB-Free/dp/B0B9Q19H2N/ref=sr_1_184,2025-07-23
"Blackview Shark 9 Smartphone 5G Mobile Phone, 6.67 Inch Screen 90Hz, 256GB ROM Memory+24GB RAM/TF 2TB, Battery 5000mAh/18W Unlocked Phones, 2.7GHz Octa Core/50MP+8MP/GPS/Fingerprint/NFC","169.,99 €",https://www.amazon.fr/-/en/Blackview-Smartphone-Battery-Unlocked-Fingerprint/dp/B0DLNBX34Y/ref=sr_1_185,2025-07-23
"XIAOMI Redmi Note 13 5G Graphite Black, 6.67 Inch Screen, Smartphone Unlocked, 5000 mAh Battery, 256GB ROM Memory, 8GB RAM, Android 13, MediaTek Dimensity 6080, 6nm Burn, Eight Cores up to 2.4GHz","219.,99 €",https://www.amazon.fr/-/en/Graphite-Smartphone-Unlocked-MediaTek-Dimensity/dp/B0CQHTLPFC/ref=sr_1_186,2025-07-23
"OUKITEL WP23 Plus Unbreakable Mobile Phone 2025-24GB RAM+256GB ROM/1TO, Unbreakable Smartphone Battery 10600 mAh, 6.52 Inch Screen, Android 14 Dual SIM/13MP/NFC/OTG/GPS – Black","145.,99 €",https://www.amazon.fr/-/en/OUKITEL-Unbreakable-2025-24GB-Smartphone-Battery/dp/B0DWWZ5HRG/ref=sr_1_187,2025-07-23
"realme C75 Smartphone 8+256GB, Ultra Dust and Water Resistance IP69, ArmorShell Glass, 6000mAh Battery, 50MP AI Camera, 6.72-inch Screen with 90Hz, Gold (Not","159.,00 €",https://www.amazon.fr/-/en/Smartphone-Resistance-ArmorShell-6000mAh-6-72-inch/dp/B0DWKK8K73/ref=sr_1_188,2025-07-23
"realme 14 Pro Smartphone 5g, 8+256GB, White, Sony IMX882 OIS AI Camera, Cold-Sensitive Color Changing Design, 5260 mAh Battery, IP69, 120 Hz Display, Amazon Exclusive (No Adapter)","259.,00 €",https://www.amazon.fr/-/en/Smartphone-Cold-Sensitive-Changing-Battery-Exclusive/dp/B0DTPJL16R/ref=sr_1_189,2025-07-23
"Xiaomi Smartphone 12 Lite 6.55"" 6GB RAM 128GB Pink","149.,90 €",https://www.amazon.fr/-/en/Xiaomi-Smartphone-Lite-6-55-128GB/dp/B0D1H3W58H/ref=sr_1_190,2025-07-23
"Blackview Shark 8 Mobile Phone 256GB, Android Smartphone 6.78 Inches FHD+ Screen, 5000mAh Battery, AI Cameras 64MP+13MP, Smartphone Unlocked NFC/Dual SIM/GPS/Face ID/Fingerprint 2 Year Warranty 2025","124.,99 €",https://www.amazon.fr/-/en/Blackview-Smartphone-Unlocked-Fingerprint-Warranty/dp/B0DJVWGQ9W/ref=sr_1_191,2025-07-23
"OUKITEL C59 Pro Android 15 Mobile Phone – 24GB + 256GB/1TB, 6.88 Inches HD+ 90Hz 10000mAh 120 LM, 13MP, Cheap Smartphone 171.2 x 77.8 x 13.4 mm, Weight 293 g Dual SIM 4G, Fingerprint/Face ID/ GPS/NFC","135.,99 €",https://www.amazon.fr/-/en/OUKITEL-C59-Pro-Android-Mobile/dp/B0F3X7YCZN/ref=sr_1_192,2025-07-23
"OnePlus Nord CE4 Lite 5G Smartphone, 8GB RAM + 256GB ROM, Snapdragon™ 695 5G, 6.67"" AMOLED 120Hz Display, 5110mAh Battery, SuperVooc 80W, Reverse Charge 5W, Super Silver","219.,00 €",https://www.amazon.fr/-/en/Nord-CE4-Lite-Smartphone-SnapdragonTM/dp/B0F6CT1Y3C/ref=sr_1_193,2025-07-23
SAMSUNG Mobile Phone Galaxy A56 5G Green 256GB,"356.,99 €",https://www.amazon.fr/-/en/SAMSUNG-Mobile-Phone-Galaxy-Green/dp/B0DXRFHQF3/ref=sr_1_194,2025-07-23
"TCL Mobile 505 - Smartphone 4G Screen 6.75 HDplus 90Hz, 128GB, 8GB RAM, 50MP Hybrid Camera, Android 14, 5010mAh Battery, Dual Sim, Space Grey, Additional USB Type-C Cable","109.,88 €",https://www.amazon.fr/-/en/TCL-Mobile-505-Smartphone-Additional/dp/B0CX9BQ2ZD/ref=sr_1_195,2025-07-23
"DJI Osmo Mobile SE 3-Axis Smart Phone Carrycot Portable Foldable Android iPhone with ShotGuides, Smartphone Carrycot with ActiveTrack 6.0, YouTube Videos","69.,00 €",https://www.amazon.fr/-/en/Osmo-Mobile-SE-ShotGuides-ActiveTrack/dp/B0B7XCG225/ref=sr_1_196,2025-07-23
Xiaomi 14T Pro 512GB Titan Blue,"477.,00 €",https://www.amazon.fr/-/en/Xiaomi-14T-512GB-Titan-Blue/dp/B0DJ36HLZD/ref=sr_1_197,2025-07-23
"Samsung Galaxy A16 128 GB Android Smartphone Unlocked 6.7 Inch Display, 5000 mAh Battery, Grey, FR Version","179.,00 €",https://www.amazon.fr/-/en/Samsung-Android-Smartphone-Unlocked-Display/dp/B0DGTS2WTS/ref=sr_1_198,2025-07-23
Xiaomi 14T 256GB Titan Black,"369.,99 €",https://www.amazon.fr/-/en/Xiaomi-14T-256GB-Titan-Black/dp/B0DJ33BZFJ/ref=sr_1_199,2025-07-23
"DOOGEE N55 (2025) Android Smartphone 15, 16GB RAM+128GB ROM/TF 2TB, 6.56 inch HD+90Hz, Octa-Core Unisoc T7200, Mobile Phone Battery 5150mAh, 13MP AI Camera/Widevine L1/OTG/Dual Nano SIM/Face ID","94.,99 €",https://www.amazon.fr/-/en/N55-Android-Smartphone-Octa-Core-Widevine/dp/B0DYTQ6T4T/ref=sr_1_200,2025-07-23
"OUKITEL P1 Mobile Phone – 6.7 Inch 120Hz AMOLED Gaming Telephone 4G, 24GB (8+16) RAM +256GB/2TB, Smartphone Cheap Android 14.5150mAh, Helio G99/50MP/Face ID/Fingerprint/2 Years Warranty, Purple","170.,99 €",https://www.amazon.fr/-/en/OUKITEL-P1-Mobile-Phone-Fingerprint/dp/B0DQKWXHZ4/ref=sr_1_201,2025-07-23
"Moto E15 64GB, Unlocked Smartphone, 6.67"" Display, 5200mAh Battery, Blue Denim, Protective Case and USB C Cable Included","99.,99 €",https://www.amazon.fr/-/en/Unlocked-Smartphone-Display-Protective-Included/dp/B0DTTZLBBT/ref=sr_1_202,2025-07-23
"Xiaomi POCO X6 Pro Smartphone 12GB RAM 512GB ROM, Dimensity 8300-Ultra, 6.67 inch AMOLED Display, 5000 mAh Battery 67W Turbo Charging, 64MP Triple Camera, Black","289.,00 €",https://www.amazon.fr/-/en/Smartphone-Dimensity-8300-Ultra-Display-Charging/dp/B0CPXYTPYG/ref=sr_1_203,2025-07-23
Samsung A366 Galaxy A36 Dual 5G 256GB 8GB RAM (Awesome) White,"272.,00 €",https://www.amazon.fr/Samsung-A366-Galaxy-Awesome-Blanc/dp/B0DZHMWTP7/ref=sr_1_197_mod_primary_new,2025-07-23
"Blackview Shark 9 Smartphone 5G Mobile Phone, 6.67 Inch Screen 90Hz, 256GB ROM Memory+24GB RAM/TF 2TB, Battery 5000mAh/18W Unlocked Phones, 2.7GHz Octa Core/50MP+8MP/GPS/Fingerprint/NFC","169.,99 €",https://www.amazon.fr/Blackview-Shark-Smartphone-t%C3%A9l%C3%A9phones-Fingerprint/dp/B0DLNBX34Y/ref=sr_1_198,2025-07-23
"Motorola G85 5G, 256GB RAM 8GB, Unlocked Smartphone, 6.7"" Curved Screen, Dual Sensor 50 MP, 5000 mAh Battery, 30W Fast Charging, Charcoal Grey, French Version","277.,74 €",https://www.amazon.fr/Motorola-Smartphone-d%C3%A9bloqu%C3%A9-Batterie-fran%C3%A7aise/dp/B0D8L83C7G/ref=sr_1_199,2025-07-23
"Nothing Phone (3) – Smartphone avec Triple caméra arrière 50 MP, Batterie Longue durée au Silicium-Carbone 24h, écran AMOLED 6,67"" 120Hz, Glyph Matrix, 16GB + 512GB – Blanc","849,,00 €",https://www.amazon.fr/Nothing-Phone-Smartphone-Batterie-Silicium-Carbone/dp/B0F6Y8H53H/ref=sr_1_200,2025-07-23
"OnePlus Smartphone Nord CE4 Lite 5G, 8 Go RAM + 256 Go ROM, Snapdragon™ 695 5G, écran AMOLED 6,67"" 120 Hz, Batterie 5110 mAh, SuperVooc 80 W, Charge inversée 5 W, Super Argent","219,,00 €",https://www.amazon.fr/OnePlus-Nord-CE4-Lite-SnapdragonTM/dp/B0F6CT1Y3C/ref=sr_1_201,2025-07-23
"realme 14 Pro Smartphone 5g, 8+256GB, Blanc, Caméra Sony IMX882 OIS AI, Conception à Changement de Couleur Sensible au Froid, Batterie 5260 mAh, IP69, Écran 120 Hz, Exclusivité Amazon(Pas Adaptateur)","259,,00 €",https://www.amazon.fr/realme-Smartphone-Conception-Changement-Exclusivit%C3%A9/dp/B0DTPJL16R/ref=sr_1_202,2025-07-23
"Samsung *A165 Galaxy A16 (6.7'' - 8/256GB - NO EU, 2 Year Warranty by Hem) Blue Black","199.,00 €",https://www.amazon.fr/Samsung-A165-Galaxy-A16-6-7/dp/B0DM1TQX6P/ref=sr_1_203,2025-07-23
"Moto E15 64 Go, Smartphone debloqué, écran 6,67"", Batterie 5200 mAh, Blue Denim, Coque de Protection et câble USB C Inclus","99,,99 €",https://www.amazon.fr/Smartphone-debloqu%C3%A9-Batterie-Protection-Inclus/dp/B0DTTZLBBT/ref=sr_1_204,2025-07-23
"JoyHandy Mini smartphone 4G avec écran HD de 4,0"", 3 Go de RAM + 32 Go de ROM, double SIM, double caméra, Android 10.0, WiFi, Bluetooth, GPS de poche (doré)","58,,99 €",https://www.amazon.fr/JoyHandy-smartphone-double-Android-Bluetooth/dp/B0F5MW28YM/ref=sr_1_205,2025-07-23
"Ulefone Armor X12 Telephone Portable Incassable Android 13, 6Go+32Go ROM/256Go Extensible, Téléphone Étanche 4860mAh, 13MP+8MP Caméra, Smartphone Antichoc 5.45"" HD+, 4G Dual SIM/NFC/GPS/IP69K-Orange","99,,99 €",https://www.amazon.fr/Ulefone-Incassable-Extensible-Smartphone-IP69K-Orange/dp/B0CQJPB5XB/ref=sr_1_206,2025-07-23
"realme GT 7T 5G Smartphone,12+256GB,7000mAh Battery,120W Charge,Dimensity 8400-MAX Processor,IMX896 50MP Camera,AI Planner,6000 Nits 120Hz Pro E-Sport Screen, IP69, Yellow,Amazon Exclusive","649.,99 €",https://www.amazon.fr/realme-Smartphone-Processeur-Dimensity-Exclusivit%C3%A9/dp/B0F3HSY61K/ref=sr_1_207,2025-07-23
"POCO F7 Smartphone, 12+256GB, Silver, Flagship Snapdragon® 8s Gen 4, 6500mAh Battery, Sony 50MP Camera with OIS, 6.83"" AMOLED Screen 1.5K 120Hz (without AC Adapter)","453.,00 €",https://www.amazon.fr/F7-Smartphone-Flagship-Snapdragon%C2%AE-Adaptateur/dp/B08NCQXZ8C/ref=sr_1_208,2025-07-23
"OUKITEL C59 Pro Android 15 Mobile Phone – 24GB + 256GB/1TB, 6.88 Inches HD+ 90Hz 10000mAh 120 LM, 13MP, Cheap Smartphone 171.2 x 77.8 x 13.4 mm, Weight 293 g Dual SIM 4G, Fingerprint/Face ID/ GPS/NFC","135.,99 €",https://www.amazon.fr/OUKITEL-C59-Pro-Telephone-Portable/dp/B0F3X7YCZN/ref=sr_1_212,2025-07-23
"Motorola Moto G35 5G Smartphone (6.72 inch FHD+ Screen with Corning Gorilla Glass 3, 50MP Camera, 8/128GB, Heavy Duty 5000mAh Battery, Water Repellent) Midnight Black Included","124.,99 €",https://www.amazon.fr/Motorola-Smartphone-appareil-r%C3%A9sistante-hydrofuge/dp/B0DCVVBHSF/ref=sr_1_213,2025-07-23
"realme 14X 5G Smart Phone 8+256GB, 5G Dimensity 6300, 120Hz Screen, Military Grade Shock Resistance, 50MP AI Camera, 5000mAh Battery, Green","149.,00 €",https://www.amazon.fr/realme-T%C3%A9l%C3%A9phone-Intelligent-Dimensity-R%C3%A9sistance/dp/B0DYS3T52K/ref=sr_1_214,2025-07-23
"DOOGEE Blade 20 Play Unbreakable Mobile Phone 5G, 32GB + 256GB, 10300mAh/33W, Unbreakable Smartphone Dimensity 7050, 125dB Speakers, LED Light Effect, Android 15 Smartphone, 50MP Camera/WIFI6/NFC/Face","289.,99 €",https://www.amazon.fr/DOOGEE-Blade-20-Play-Incassable/dp/B0F2FT3W57/ref=sr_1_215,2025-07-23
"HONOR 200 Smart 5G Smartphone 4GB 256GB, 5200mAh Battery, 50MP AI Carmera, 300% High-Volume Mode, Snapdragon 4 Gen 2, Android 14, Dual SIM, Green","149.,00 €",https://www.amazon.fr/HONOR-Smartphone-5200mAh-Battery-Snapdragon/dp/B0DN5XJL1B/ref=sr_1_216,2025-07-23
Xiaomi 13T 8/256GB Negro Libre,"325,,50 €",https://www.amazon.fr/13T-5G-256-LEICA-NOIR/dp/B0CK1LLRDY/ref=sr_1_217,2025-07-23
"OUKITEL G1 Android 14 Téléphone Portable Incassable - 24Go+256Go(1 to) Smartphone Batterie 10600mAh Écran 6.52"" HD+ IPS 48MP Double Caméra Téléphone Etanche Antichoc Dual SIM/NFC/OTG/Empreinte/Face ID","135,,37 €",https://www.amazon.fr/OUKITEL-G1-T%C3%A9l%C3%A9phone-Portable-Incassable/dp/B0D8TCDJ97/ref=sr_1_218,2025-07-23
SAMSUNG Mobile Phone Galaxy A56 5G Green 256GB,"356.,99 €",https://www.amazon.fr/SAMSUNG-T%C3%A9l%C3%A9phone-portable-Galaxy-vert/dp/B0DXRFHQF3/ref=sr_1_219,2025-07-23
"realme C75 Smartphone 8+256GB, Ultra Dust and Water Resistance IP69, ArmorShell Glass, 6000mAh Battery, 50MP AI Camera, 6.72-inch Screen with 90Hz, Gold (Not","159.,00 €",https://www.amazon.fr/realme-Smartphone-r%C3%A9sistance-poussi%C3%A8re-ArmorShell/dp/B0DWKK8K73/ref=sr_1_220,2025-07-23
"realme P3 Smartphone 5G,8+256GB,Batterie 5260 mAh,45W Charge,Chipset Snapdragon 6 Gen 4,Appareil Photo AI 50MP,Écran e-Sport Pro 2000 nits 120Hz,IP69,Vert (sans Adaptateur)","253,,32 €",https://www.amazon.fr/realme-Smartphone-Batterie-Snapdragon-Adaptateur/dp/B0F4KHW79R/ref=sr_1_221,2025-07-23
"Samsung Galaxy A55 5G, Dual, 128GB 8GB Ram, Awesome Navy","296.,45 €",https://www.amazon.fr/Samsung-Galaxy-Dual-128GB-Awesome/dp/B0CW1FG2ZY/ref=sr_1_222,2025-07-23
"Moto g15 128 Go, Smartphone debloqué, écran 6,72"", Appareil Photo 50 MP, Batterie Haute capacité 5200 mAh, Orange Mandarine, Coque de Protection et câble USB C Inclus","162,,00 €",https://www.amazon.fr/Moto-g15-Smartphone-Mandarine-Protection/dp/B0DTV2WJMM/ref=sr_1_223,2025-07-23
Xiaomi Mix Flip 12/512GB Morado Libre,"744,,99 €",https://www.amazon.fr/Xiaomi-Flip-512GB-Negro-Libre/dp/B0DJ33K51B/ref=sr_1_228,2025-07-23
"Blackview Smartphone 2025, 12GB+128GB/2TB, Android Mobile Phone 15.56 Inch HD+, 5000 mAh, Cheap Smartphone 4G, 13Mp+8Mp, Octa Core/GPS/Fingerprint/OTG,/3.5mm Jack","169.,99 €",https://www.amazon.fr/Blackview-Smartphone-T%C3%A9l%C3%A9phone-Portable-Fingerprint/dp/B0FF4S4HQF/ref=sr_1_229,2025-07-23
"Samsung Galaxy A55 5G, Android Smartphone, 128GB, 25W Fast Mains Charger Included [Amazon Exclusive], Unlocked Smartphone, Lime, FR Version","430.,80 €",https://www.amazon.fr/Samsung-Smartphone-Chargeur-Exclusivit%C3%A9-d%C3%A9verrouill%C3%A9/dp/B0CV4G6W4K/ref=sr_1_230,2025-07-23
"Motorola G34 5G 128GB, Unlocked Smartphone, 6.5"" Display, Dual 50MP Sensor, 5000mAh Battery, 20W Charger and Proctection Case Included, Ice Blue","177.,62 €",https://www.amazon.fr/Motorola-smartphone-d%C3%A9bloqu%C3%A9-batterie-proctection/dp/B0CTHVBPHB/ref=sr_1_231,2025-07-23
"DOOGEE N55 (2025) Smartphone Android 15, 16GB RAM+128GB ROM/TF 2TB, 6.56'' HD+90 Hz, Octa-Core Unisoc T7200, Telephone Portable Batterie 5150mAh, Caméra AI 13MP/Widevine L1/OTG/Dual Nano SIM/Face ID","94,,99 €",https://www.amazon.fr/DOOGEE-N55-Smartphone-Octa-Core-Telephone/dp/B0DYTQ6T4T/ref=sr_1_232,2025-07-23
Oppo Reno12 F 4G 16GB (8GB+8GB)/256GB Free Grey + Cargador 45W,"204.,49 €",https://www.amazon.fr/Oppo-Reno-256GB-Verde-Negro/dp/B0DDL1DMZ2/ref=sr_1_233,2025-07-23
"Samsung, Smartphone A33, 5G, 128 GO, Black (Reconditionné)","187,,00 €",https://www.amazon.fr/Samsung-Smartphone-A33-Black-Reconditionn%C3%A9/dp/B0B6GGXXTS/ref=sr_1_234,2025-07-23
"CMF Phone 1 8+128GB - Mobile Phone with Sony 50 MP Rear Camera with Ultra XDR, 6.67"" Super AMOLED Display and Nothing OS 2.6 - Black","215.,95 €",https://www.amazon.fr/CMF-Phone-128GB-Telephone-Affichage/dp/B0D53ZYFKG/ref=sr_1_235_mod_primary_new,2025-07-23
"Samsung Galaxy A36 5G, Smartphone Android, 128 Go, Chargeur Secteur Rapide 25W Inclus, Smartphone déverrouillé, Lavande, Version FR","399,,95 €",https://www.amazon.fr/Samsung-Smartphone-Android-Chargeur-d%C3%A9verrouill%C3%A9/dp/B0DVTMHLNY/ref=sr_1_236,2025-07-23
"DOOGEE Note 59 Pro (2025) 5G Smartphone Cheap Android 15, 32GB+256GB(2TB) Gaming Phone, 6.75'' HD+, 16MP+8MP Mobile Phone 6250mAh","179.,99 €",https://www.amazon.fr/DOOGEE-Note-59-Pro-Smartphone/dp/B0F1YQVQLL/ref=sr_1_237,2025-07-23
"Blackview BV5300Pro Téléphone Portable Incassable, Android 14, 12Go+64Go/1To Extensible, Téléphone Incassable 2024, 6580mAh, Écran 6.1"" HD+,13MP+8MP Smartphone incassable, NFC/Face ID/2Ans Garantie","113,,99 €",https://www.amazon.fr/Blackview-BV5300Pro-Incassable-Extensible-Smartphone/dp/B0D96FJHF9/ref=sr_1_238,2025-07-23
"Xiaomi POCO X6 Pro 5G, Téléphone mobile 12/512Go Noir, Carte SIM non incluse, smartphone Android, Version FR","400.,44 €",https://www.amazon.fr/Xiaomi-T%C3%A9l%C3%A9phone-Incluse-Smartphone-Android/dp/B0CMJL7XTZ/ref=sr_1_239,2025-07-23
"Motorola Smartphone Edge 50 Neo 12GB 512GB Rojo Pantone 5G pOLED 6.36"" HDR IP68","289,,00 €",https://www.amazon.fr/Motorola-Smartphone-512GB-Pantone-pOLED/dp/B0DH8J1S1R/ref=sr_1_240,2025-07-23
"Redmi Note 13 Pro 5G (Aurora Purple 12GB RAM, 512 Storage) - 200MP Ultra-Clear Camera with OIS | 1.5K 120Hz AMOLED Display | Immersive Viewing with Ultra-Thin Bezel | Snapdragon®7s","299.,99 €",https://www.amazon.fr/Redmi-Note-Aurora-Purple-stockage/dp/B0CQKGMRMM/ref=sr_1_241,2025-07-23
"CMF BY NOTHING Phone 1 8GB RAM 256GB ROM, Noir, 6.67 Pouces AMOLED, 5000mAh, MTK Dimensity 7300, Personnalisation matérielle, Rien OS 2.6","189,,00 €",https://www.amazon.fr/CMF-NOTHING-Dimensity-Personnalisation-mat%C3%A9rielle/dp/B0D7VHG412/ref=sr_1_242,2025-07-23
"DOOGEE BLADE20 Turbo Unbreakable 5G Android 15, Unbreakable Smartphone 32GB RAM+256GB ROM/TF 2TO, 10300mAh, 50MP AI Camera, 6.6 Inch Screen 90Hz, Quick Charge 33W/NFC/OTG/Dual SIM","269.,99 €",https://www.amazon.fr/DOOGEE-Turbo-Telephone-Incassable-Smartphone/dp/B0DX797DR3/ref=sr_1_243,2025-07-23
"OUKITEL P1 Téléphone Portable - 6.7 Pouces 120Hz AMOLED Telephone Gaming 4G,24 Go (8+16) RAM +256Go/2To, Smartphone Pas Cher Android 14,5150mAh,Helio G99/50MP/Face ID/Fingerprint/2Ans Garantie,Violet","170,,99 €",https://www.amazon.fr/OUKITEL-P1-T%C3%A9l%C3%A9phone-Portable-Fingerprint/dp/B0DQKWXHZ4/ref=sr_1_244,2025-07-23
"DOOGEE Note59 Pro+ Mobile Phone 5G Android 15, Smartphone 36GB RAM (12+24) + 512GB, 6.75"" HD+ 120Hz Screen, UNISOC T8200 Octa-Core, 50MP 4K Camera, NFC/Widevine L1/Dual SIM/Face ID/OTG","279.,99 €",https://www.amazon.fr/DOOGEE-Pro-T%C3%A9l%C3%A9phone-Smartphone-Octa-Core/dp/B0DTJX6P6B/ref=sr_1_245,2025-07-23
"Blackview BV6200Pro Unbreakable Android 14 Mobile Phone, 13000mAh Battery, 18GB+128GB ROM/TF-2TB, 13MP+8MP Camera, 6.56'HD+Smartphone, Smart-K Box Speaker/Face ID/NFC/GPS/OTG/3 Card Slots","146.,98 €",https://www.amazon.fr/Blackview-BV6200Pro-Telephone-Incassable-Smartphone/dp/B0CFL4QC73/ref=sr_1_246,2025-07-23
"Samsung Galaxy A16 128 Go, Smartphone Android Déverrouillé, Écran 6,7"", Batterie 5000 mAh, Gris, Version FR","179,,00 €",https://www.amazon.fr/Samsung-Smartphone-Android-D%C3%A9verrouill%C3%A9-Batterie/dp/B0DGTS2WTS/ref=sr_1_247,2025-07-23
"Samsung Galaxy A56 5G, Android Smartphone, 128GB, 25W Fast Mains Charger Included, Unlocked Smartphone, Pink, FR Version","452.,00 €",https://www.amazon.fr/Samsung-Smartphone-Android-Chargeur-d%C3%A9verrouill%C3%A9/dp/B0DVTQM69M/ref=sr_1_248,2025-07-23
"Blackview BV4800 SE Unbreakable Android 15 Smartphone Unbreakable 12GB+64GB/2TB Expandable, 285g & 13.5mm, 6.56'' HD+ 90Hz, AI 16MP, Dual SIM 4G, Octa Core/Face ID/GPS/5G/NFC/2 Years Warranty","109.,99 €",https://www.amazon.fr/Blackview-T%C3%A9l%C3%A9phone-Incassable-Smartphone-Extensible/dp/B0F1TQ25JW/ref=sr_1_249,2025-07-23
"Samsung Galaxy A16 5G 128 Go, Smartphone Android déverrouillé, écran 6,7"", batterie 5000 mAh, Gris, Version FR","249,,90 €",https://www.amazon.fr/Samsung-Smartphone-Android-d%C3%A9verrouill%C3%A9-batterie/dp/B0DGV51Y7P/ref=sr_1_250,2025-07-23
"DOOGEE S200 Unbreakable 5G Android 14 Mobile Phone, 32GB RAM + 256GB ROM/2TB Unbreakable Smartphone with 1.32"" Rear Display, 10100mAh (33W), 6.72"" FHD+120Hz, 100MP + 20MP, Dual SIM/NFC.","299.,99 €",https://www.amazon.fr/DOOGEE-Telephone-Portable-Incassable-Smartphone/dp/B0DBZJWRFY/ref=sr_1_251,2025-07-23
"Samsung Galaxy S25 Ultra, 5G Android Smartphone with Galaxy AI, 256GB, 25W Fast Mains Charger Included, Unlocked Smartphone, Titanium Blue, FR Version","1,352.,00 €",https://www.amazon.fr/Samsung-Smartphone-Android-Chargeur-d%C3%A9verrouill%C3%A9/dp/B0DNZHZNR3/ref=sr_1_245,2025-07-23
"Google Pixel 9 Pro XL - Unlocked Android Smartphone with Gemini, Triple Rear Camera, 24 Hours Battery Life and 6.8 Inch Super Actua Screen - Porcelain, 128GB","749.,00 €",https://www.amazon.fr/Google-Pixel-Pro-Smartphone-dautonomie/dp/B0D7TZHWVH/ref=sr_1_246,2025-07-23
Samsung Galaxy A35 5G 8/256GB Free,"331.,55 €",https://www.amazon.fr/Smartphone-Samsung-Galaxy-Bleu-nuit/dp/B0CVQ6SYFK/ref=sr_1_247,2025-07-23
"SPC ZEUS 4G Pro + Coque – Smartphone pour Seniors 4G, Mode Facile avec Grandes icônes, Bouton SOS, Configuration à Distance, Boutons physiques, 64Go de ROM, caméra 13MP, Android 11, Socle de Charge","143,,86 €",https://www.amazon.fr/SPC-Smartphone-Grandes-Configuration-Distance/dp/B0D3F19CDH/ref=sr_1_248,2025-07-23
"Samsung Galaxy A16 5G 128 Go, Smartphone Android déverrouillé, écran 6,7"", batterie 5000 mAh, Gris, Version FR","249,,90 €",https://www.amazon.fr/Samsung-Smartphone-Android-d%C3%A9verrouill%C3%A9-batterie/dp/B0DGV51Y7P/ref=sr_1_249,2025-07-23
"realme Smartphone 12 Pro+ 5G 12+512GB, Portrait Camera with Periscope Lens, Sony IMX890 OIS, Snapdragon® 7s Gen 2 5G Chipset, 120Hz Curved Vision Screen, Submarine Blue","309.,00 €",https://www.amazon.fr/realme-Smartphone-p%C3%A9riscope-Snapdragon%C2%AE-Submarine/dp/B0CW7BH1JZ/ref=sr_1_250,2025-07-23
DORO - Téléphone Doro 8200 Plus - Téléphone 4G pour Séniors - Facile à Utiliser - Touche d'Assistance avec GPS - Compatible Appareils Auditifs - Caméra 16MP - Socle de Charge + Etui Inclus - Bleu,"295,,00 €",https://www.amazon.fr/DORO-T%C3%A9l%C3%A9phone-dAssistance-Compatible-Appareils/dp/B0DM9NK8H7/ref=sr_1_251,2025-07-23
"Google Pixel 9a - Unlocked Android Smartphone with AI Camera, Long Life Battery and Security Rugged - Iris, 256GB","648.,99 €",https://www.amazon.fr/Google-Pixel-9a-Smartphone-d%C3%A9bloqu%C3%A9/dp/B0DSWG2SZ7/ref=sr_1_252,2025-07-23
"Redmi Note 13 Pro 5G (Aurora Purple 12GB RAM, 512 Storage) - 200MP Ultra-Clear Camera with OIS | 1.5K 120Hz AMOLED Display | Immersive Viewing with Ultra-Thin Bezel | Snapdragon®7s","299.,99 €",https://www.amazon.fr/Redmi-Note-Aurora-Purple-stockage/dp/B0CQKGMRMM/ref=sr_1_253,2025-07-23
"Hcnzdwe Carte Micro de 1024 Go avec Adaptateur, Jusqu’à 100 MB/S, Carte UHS-I Classe 10 U3 V30 TF avec Performance de l’Application A2, pour Smartphones, caméras d’Action ou Drones -ZG1024Go","35,,77 €",https://www.amazon.fr/Hcnzdwe-Adaptateur-Performance-lApplication-Smartphones/dp/B0FH21ZMD4/ref=sr_1_254,2025-07-23
"realme Note 60 Smartphone Android, Téléphone Mobile Double SIM 4G, Écran LCD 6,74"" 90Hz, 3 Go de RAM 64 Go de ROM, Batterie 5000mAh, Appareil Photo Clair 32MP, Noir Marbre, sans Adaptateur","69,,99 €",https://www.amazon.fr/realme-Smartphone-T%C3%A9l%C3%A9phone-Batterie-Adaptateur/dp/B0DSPZWD8P/ref=sr_1_255,2025-07-23
"XIAOMI REDMI NOTE 13 5G Graphite Black, Ecran 6.67'', Smartphone Débloqué, Batterie mAh 5000, Mémoire ROM 256GO,RAM 8GO, Android 13, MediaTek Dimensity 6080, Gravure en 6nm, huit-coeurs jusqu’à 2,4GHz","219,,99 €",https://www.amazon.fr/Graphite-Smartphone-D%C3%A9bloqu%C3%A9-Dimensity-huit-coeurs/dp/B0CQHTLPFC/ref=sr_1_256,2025-07-23
"Blackview BV4800 SE (NFC) Unbreakable Mobile Phone, 12GB+64GB/TF 1TB Octa-Core, Android 15, 6.56"" HD+, Unbreakable Smartphone, 5180mAh, 16MP+8MP, 4G Dual SIM, 3 Slot/GPS/Face ID/NFC Orange","139.,99 €",https://www.amazon.fr/Blackview-BV4800-SE-Incassable-Smartphone/dp/B0DT9DRD5L/ref=sr_1_260,2025-07-23
"Xiaomi Redmi Note 13 16,9 cm (6.67"") Double SIM Android 12 4G USB Type-C 8 Go 256 Go 5000 mAh Bleu","310,,98 €",https://www.amazon.fr/Xiaomi-Handy-Redmi-Note-256GB/dp/B0CPT9XDS7/ref=sr_1_261,2025-07-23
Samsung A366 Galaxy A36 Dual 5G 256GB 8GB RAM (Awesome) White,"272.,00 €",https://www.amazon.fr/Samsung-A366-Galaxy-Awesome-Blanc/dp/B0DZHMWTP7/ref=sr_1_262_mod_primary_new,2025-07-23
"Motorola Moto G05 6.67"" 4/128GB 5200mAh 50MP Android 15 Rojo Libre","87,,04 €",https://www.amazon.fr/Motorola-128GB-5200mAh-Android-Libre/dp/B0DPKPJ26J/ref=sr_1_263_mod_primary_new,2025-07-23
"Xiaomi Redmi Note 14 Pro, 5G Smartphone, 6.67-Inch, 8GB RAM, 256GB, Dual SIM, Green","245.,00 €",https://www.amazon.fr/Xiaomi-14-Smartphone-5G-Pouces/dp/B0DSL4W1D8/ref=sr_1_264_mod_primary_new,2025-07-23
"Xiaomi Redmi 14C Practical Android Smartphone 4+128GB with NFC, G81-Ultzra Processor, 2.0GHz, 6.88-inch Screen, Dual 50MP AI Camera, 5160mAh Battery, No Charger, Black","104.,99 €",https://www.amazon.fr/Xiaomi-Smartphone-Pratique-Processeur-G81-Ultzra/dp/B0DMSH21YJ/ref=sr_1_265,2025-07-23
"Samsung Galaxy A41 Unlocked Smartphone (Super AMOLED - Dual SIM - 4GB RAM, 64GB ROM - Android 10.0) Black","210.,00 €",https://www.amazon.fr/Samsung-Galaxy-Smartphone-d%C3%A9bloqu%C3%A9-AMOLED/dp/B08778JXCT/ref=sr_1_266,2025-07-23
Xiaomi 13T 8/256GB Free,"325.,50 €",https://www.amazon.fr/13T-5G-256-LEICA-NOIR/dp/B0CK1LLRDY/ref=sr_1_267,2025-07-23
"Blackview BV6200Pro Unbreakable Android 14 Mobile Phone, 13000mAh Battery, 18GB+128GB ROM/TF-2TB, 13MP+8MP Camera, 6.56'HD+Smartphone, Smart-K Box Speaker/Face ID/NFC/GPS/OTG/3 Card Slots","146.,98 €",https://www.amazon.fr/Blackview-BV6200Pro-Telephone-Incassable-Smartphone/dp/B0CFL4QC73/ref=sr_1_268,2025-07-23
"Blackview 5G Shark 9 Unlocked Smartphone, 24GB+256GB, 6.67 Inch HD+ 90 Hz Screen, 50 MP Camera, 5000 mAh Battery, Dual SIM 5G, Android 14 Mobile Phone, Smart-K Box, GPS NFC Blue","170.,99 €",https://www.amazon.fr/Blackview-Smartphone-D%C3%A9bloqu%C3%A9-T%C3%A9l%C3%A9phone-Haut-Parleur/dp/B0DMCJYQ5L/ref=sr_1_269,2025-07-23
Xiaomi Mix Flip 12/512GB Morado Libre,"744,,99 €",https://www.amazon.fr/Xiaomi-Flip-512GB-Negro-Libre/dp/B0DJ33K51B/ref=sr_1_270,2025-07-23
"realme C71 Smartphone 4G,6+128GB,Batterie 6000 mAh,45W Charge,Appareil Photo AI 50MP, 24 Go de RAM Dynamique,120 Hz Display,Résistance aux Chocs et à l'eau,Blanc (sans Adaptateur)","129,,99 €",https://www.amazon.fr/realme-Smartphone-Dynamique-R%C3%A9sistance-Adaptateur/dp/B0F9L3K1KS/ref=sr_1_271,2025-07-23
"Blackview Shark 8 Mobile Phone 256GB, Android Smartphone 6.78 Inches FHD+ Screen, 5000mAh Battery, AI Cameras 64MP+13MP, Smartphone Unlocked NFC/Dual SIM/GPS/Face ID/Fingerprint 2 Year Warranty 2025","124.,99 €",https://www.amazon.fr/Blackview-Telephone-Portable-Smartphone-Fingerprint/dp/B0DJVWGQ9W/ref=sr_1_276,2025-07-23
"Samsung *A065F/DS Galaxy A06 (6.7'' - 4/128GB - NO EU, 2 Year Warranty by Hem) Black","111.,44 €",https://www.amazon.fr/Samsung-A065F-Galaxy-A06-6-7/dp/B0DHLCDJNR/ref=sr_1_277,2025-07-23
"Ulefone Note 19 Mobile Phone, Android 14 Smartphone Cheap, 6GB RAM+32GB ROM/SD-512GB, 6.56"" Screen Phone, 5000mAh Battery, 8MP Camera, Smartphone Unlocked 4G Dual SIM/Face ID/GPS/OTG","69.,99 €",https://www.amazon.fr/Ulefone-Note-19-Telephone-Smartphone/dp/B0DJW2NFS6/ref=sr_1_278,2025-07-23
Xiaomi Mix Flip 12/512GB Free,"642.,36 €",https://www.amazon.fr/Xiaomi-Flip-512GB-Negro-Libre/dp/B0DJ34S8H9/ref=sr_1_279_mod_primary_new,2025-07-23
"OUKITEL WP35S Telephone Portable Incassable, 24Go+256Go/1To - 11000mAh - Android14, Écran 6.56"" FHD+/16MP+58MP Smartphone, IP68/69K/Dual 4G SIM/NFC/Fingerprint/OTG/GPS/Telephone de Chantier, Vert","180,,49 €",https://www.amazon.fr/OUKITEL-WP35S-Telephone-Portable-Incassable/dp/B0DGLLWPMM/ref=sr_1_280,2025-07-23
"Xiaomi Redmi Note 11 Smartphone 6.43"" FHD + DotDisplay, 90Hz FHD+ AMOLED DotDisplay, 50MP Al Quad Camera, 5000mAh (typ) Battery, Dual-SIM 4G 128GB Graphite Grey [Global Version]","199,,90 €",https://www.amazon.fr/Xiaomi-Redmi-Note-11-Smartphone/dp/B09Q9C9QP3/ref=sr_1_281,2025-07-23
OPPO A16s 4GB/64GB (Pearl Blue) Dual SIM CPH227X,"139.,99 €",https://www.amazon.fr/OPPO-A16s-64GB-Pearl-CPH227X/dp/B09YHQGC64/ref=sr_1_282,2025-07-23
"FOSSiBOT F109S Unbreakable Android 15 Mobile Phone, Dual Screen, 6.745 Inches HD, 10600 mAh/18W Battery, 24GB RAM + 256GB ROM/TF 2TB Smartphone, Unbreakable Smartphone, 50MP Camera, NFC/5G Wifi/GPS","170.,99 €",https://www.amazon.fr/FOSSiBOT-F109S-Telephone-Incassable-Smartphone/dp/B0F8MR6ZFN/ref=sr_1_283,2025-07-23
"Ulefone Armor X12 Unbreakable Android Mobile Phone 13 GB, 6GB + 32GB ROM/TF-256GB, 13MP Camera, 4860 mAh Battery, 5.45 Inch HD+ Screen, Unbreakable Smartphone 4G Dual SIM/NFC/GPS/2 Years Warranty","99.,99 €",https://www.amazon.fr/Ulefone-Armor-X12-Incassable-Smartphone/dp/B0CH37SFH5/ref=sr_1_284,2025-07-23
"realme C61 Smartphone 6+128GB, 5000mAh Long Life Battery, AI Boost Motor, Powerful 8-Core Chipset, Ultra Slim 7.76mm Design, 45W Fast Charging, Sparkle Gold, No Adapter","113.,40 €",https://www.amazon.fr/realme-Smartphone-Batterie-Puissant-dadaptateur/dp/B0DFYGK2W3/ref=sr_1_285,2025-07-23
"Amazon Basics Trépied pour iPhones extensible jusqu’à 162 cm avec fonctions perche à selfie et trépied, noir","8,,99 €",https://www.amazon.fr/Amazon-Basics-Tr%C3%A9pied-extensible-fonctions/dp/B0CQP9S8Q2/ref=sr_1_286,2025-07-23
Samsung A566 Galaxy A56 Enterprise Edition (6.7'' - 8/128GB) Graphite,"318,,58 €",https://www.amazon.fr/Samsung-A566-Galaxy-A56-Enterprise/dp/B0F13GMGJ4/ref=sr_1_287,2025-07-23
"TCL 50PRO NXTPAPER 5G Smartphone 5G Screen 6.8 120Hz Nxtpaper 3.0, 512GB, 16GB RAM, Tripla Camera 108MP - 32MP Front Camera, Android 14, 5010 mAh Battery, Black, USB Type-C Pack","273.,04 €",https://www.amazon.fr/TCL-50PRO-NXTPAPER-5G-Smartphone/dp/B0D9WG9Q7H/ref=sr_1_288,2025-07-23
"QrZrQ Smartphones Bon marché, 5,0 Pouces, Double Carte Double Caméra, ROM 16GB 【Extensible à 128GB】, Support GPS/WiFi/Bluetooth/FM, Téléphone déverrouillé par Le visag (X6Pro-Jaune)","56,,99 €",https://www.amazon.fr/QrZrQ-Smartphones-%E3%80%90Extensible-d%C3%A9verrouill%C3%A9-X6Pro-Jaune/dp/B0DXDRPZRK/ref=sr_1_289,2025-07-23
"Samsung A366B/Ds Galaxy A36 5G, Dual, 256GB 8GB Ram, Awesome Black","266,,79 €",https://www.amazon.fr/Samsung-A366B-Galaxy-256GB-Awesome/dp/B0F38D1J41/ref=sr_1_290,2025-07-23
DORO - Doro 8100 Plus phone - 4G phone for seniors - Easy to use - Assist button with GPS - Hearing Aids compatible - Triple Camera - Charger + Case included - Black,"183.,49 €",https://www.amazon.fr/DORO-T%C3%A9l%C3%A9phone-dAssistance-Compatible-Appareils/dp/B0DJT6B86D/ref=sr_1_291,2025-07-23
Nokia 106 unlocked 4GB Dual Sim 2018 Gris Foncé avec Lampe Torche LED Radio FM Grand Bouton Téléphone,"18,,69 €",https://www.amazon.fr/Nokia-106-T%C3%A9l%C3%A9phone-Batterie-Grosses/dp/B07MJRQY64/ref=sr_1_292,2025-07-23
"Xiaomi Redmi 14C Téléphone portable Android 8 + 256 Go avec NFC, processeur G81-Ultra 2,0 GHz, écran de 6,88 pouces, double caméra AI 50 MP, batterie 5160 mAh, avec NFC, sans chargeur, vert","123,,99 €",https://www.amazon.fr/Xiaomi-T%C3%A9l%C3%A9phone-portable-processeur-G81-Ultra/dp/B0F4XBPWJP/ref=sr_1_293,2025-07-23
"Xiaomi Redmi Note 11 Pro 5G - Smartphone 128GB, 6GB RAM, Dual Sim, Graphite Grey (Refurbished)","119.,00 €",https://www.amazon.fr/Xiaomi-Redmi-Note-Pro-Reconditionn%C3%A9/dp/B0BLZF8BSP/ref=sr_1_294,2025-07-23
Smartphone Motorola PB3T0065IT EDGE 50 FUSION Forest blue,"219,,36 €",https://www.amazon.fr/Smartphone-Motorola-PB3T0065IT-FUSION-Forest/dp/B0DBLN4NTZ/ref=sr_1_295,2025-07-23
"G-Mee Connect Pro | Téléphone Android de 64 Go | Téléphone Portable 4G débloqué à écran Tactile de 5,72"" | Smartphone Plus sûr pour Les Enfants avec contrôle Parental et sans caméra","115,,00 €",https://www.amazon.fr/G-Mee-Connect-Pro-T%C3%A9l%C3%A9phone-Smartphone/dp/B0C7GHY19H/ref=sr_1_296,2025-07-23
"DOOGEE Blade 20 Unbreakable Android 15 Mobile Phone 10300 mAh 18 W 6.6 Inch HD IPS + 90 Hz, 20GB RAM + 128GB ROM/TF 2TB Unbreakable Smartphone, 16MP Camera, NFC/5G Wifi/GPS/IP68/IP69K","149.,99 €",https://www.amazon.fr/DOOGEE-Telephone-Portable-Incassable-Smartphone/dp/B0DN11WGB1/ref=sr_1_297,2025-07-23
Samsung Galaxy A16 5G Smartphone 128Go Turquoise,"174,,10 €",https://www.amazon.fr/Samsung-Galaxy-Smartphone-128Go-Turquoise/dp/B0DP5QPT2L/ref=sr_1_298,2025-07-23
"DOOGEE Blade10 Ultra 2024 Unbreakable Mobile Phone Android 14, 20GB+256GB/TF2TB, 6.56 inch Screen, 50MP Camera, Ultra-Thin 11 mm, 5150 mAh Smartphone Unbreakable, 3 Card /IP68/69K/NFC/OTG-Transparent","159.,99 €",https://www.amazon.fr/DOOGEE-BladeGT-BLADEGT-Smartphone/dp/B0DK2WT25L/ref=sr_1_299,2025-07-23
